影片名称,m3u8 链接,封面,简介
"SOAV121人妻の浮気心","https://v5.slv525627.com/20250811/idQlU2Gv/index.m3u8","https://sl.lale25725.com/upload/vod/20250812-1/67f28fac05ebc77b4f4e9fce1abf4840.jpg","人妻熟女SOAV121人妻の浮気心"
"SONE56710年に1人！「脱いだらすごい」の最高峰！えくぼ笑顔が可愛い現役女子大生新人NO.1ST","https://v5.slv525627.com/20250812/eYqFOj0d/index.m3u8","https://sl.lale25725.com/upload/vod/20250812-1/cab650096b9fd30987830533dbf90b73.jpg","萝莉少女SONE56710年に1人！「脱いだらすごい」の最高峰！えくぼ笑顔が可愛い現役女子大生新人NO.1ST"
"精品E奶依依性感黑丝裸体","https://v5.slv525627.com/20250812/r77md9h9/index.m3u8","https://sl.lale25725.com/upload/vod/20250812-1/354660cb580fb1f8610a9535dc0845ee.jpg","瑜伽裤精品E奶依依性感黑丝裸体"
"酒店摄像头偷拍未流出过","https://v5.slv525627.com/20250813/WaHtfu2A/index.m3u8","https://sl.lale25725.com/upload/vod/20250813-1/71c5640a5a9dfb91cf815d61bc67f5c3.jpg","自拍偷拍酒店摄像头偷拍未流出过"
"【中文】SONE348「ねぇ、ここでエッチしちゃおっか」バイト先のエロな後輩が密着ささやき淫語でいつも僕を寝取ろ","https://v5.slv525627.com/20250813/3twN6gAW/index.m3u8","https://sl.lale25725.com/upload/vod/20250813-1/ab923f602688528bfab3e068ed591e6a.jpg","中文字幕【中文】SONE348「ねぇ、ここでエッチしちゃおっか」バイト先のエロな後輩が密着ささやき淫語でいつも僕を寝取ろ"
"酒店摄像头稀有白色大床正面偷拍眼镜情侣","https://v5.slv525627.com/20250813/a3vdZzgq/index.m3u8","https://sl.lale25725.com/upload/vod/20250813-1/38700269fa38708fd8cdf1e62487acf9.jpg","国产色情酒店摄像头稀有白色大床正面偷拍眼镜情侣"
"就属你最骚全程露脸丝袜高跟诱惑","https://v5.slv525627.com/20250813/MSSKHoHc/index.m3u8","https://sl.lale25725.com/upload/vod/20250813-1/80e4f7b4b1792bc0a408fdc5acd074eb.jpg","Cosplay就属你最骚全程露脸丝袜高跟诱惑"
"TENH016六十路五十路四十路限定！ニセチンFUCK初体験！素人熟女のじゅぶじゅぶ丸呑みディルドオナニー","https://v5.slv525627.com/20250813/Gd86wJWZ/index.m3u8","https://sl.lale25725.com/upload/vod/20250814-1/14acbccb23600f733aeeef43ed94e2e8.jpg","强奸乱伦TENH016六十路五十路四十路限定！ニセチンFUCK初体験！素人熟女のじゅぶじゅぶ丸呑みディルドオナニー"
"TIMD007オトコノコ♂×♂レズビアン綺麗なふたりのエッチなSEX","https://v5.slv525627.com/20250813/blJX9plj/index.m3u8","https://sl.lale25725.com/upload/vod/20250814-1/fe65f958e1c343a2b4eaa5fb81321199.jpg","女优系列TIMD007オトコノコ♂×♂レズビアン綺麗なふたりのエッチなSEX"
"SVGAL011バイト先で大好きな彼氏とエッチな遊びをしてたらバレて罰として逆バニーで働かせられた私。死にた","https://v5.slv525627.com/20250813/2qQhx4QH/index.m3u8","https://sl.lale25725.com/upload/vod/20250814-1/c3f9f52b1100adbd0eb3ab8adb4b141a.jpg","女优系列SVGAL011バイト先で大好きな彼氏とエッチな遊びをしてたらバレて罰として逆バニーで働かせられた私。死にた"
"SY212【数量限定】前略四畳半の奥様めいさん28歳●素人四畳半生中出しシリーズ宝生めい目覚まし時","https://v5.slv525627.com/20250813/npTKr9OI/index.m3u8","https://sl.lale25725.com/upload/vod/20250814-1/0627fd03339d422a7beb7e00020ba95e.jpg","日本精品SY212【数量限定】前略四畳半の奥様めいさん28歳●素人四畳半生中出しシリーズ宝生めい目覚まし時"
"SYKH134ブーツの美魔女とナマ交尾即ズボチ〇ポの快感に美貌が蕩ける…みうさん41歳","https://v5.slv525627.com/20250813/tJvg6gV2/index.m3u8","https://sl.lale25725.com/upload/vod/20250814-1/1dbce5f3caeda6441952f66cf3c5362b.jpg","风情旗袍SYKH134ブーツの美魔女とナマ交尾即ズボチ〇ポの快感に美貌が蕩ける…みうさん41歳"
"酒店炮房偷拍精神小伙给女友带了几套情趣内衣丝袜","https://v5.slv525627.com/20250813/yW5tISTS/index.m3u8","https://sl.lale25725.com/upload/vod/20250814-1/7be1a5ff6d7d32a55a9a31336e3a8a03.jpg","素人自拍酒店炮房偷拍精神小伙给女友带了几套情趣内衣丝袜"
"巨屌猛干白浆四溅","https://v5.slv525627.com/20250813/Lia9LEe0/index.m3u8","https://sl.lale25725.com/upload/vod/20250814-1/317957a9799ea3a73d2e62e184be8123.jpg","台湾辣妹巨屌猛干白浆四溅"
"金发白丝高跟美女被射了一肚","https://v5.slv525627.com/20250813/8hRXAqiJ/index.m3u8","https://sl.lale25725.com/upload/vod/20250814-1/40137f23213af5b1ddfd7429ff3dd3f8.jpg","欧美精品金发白丝高跟美女被射了一肚"
"金发美女的黑公鸡-吉赛尔·帕尔默","https://v5.slv525627.com/20250813/FBrCChJx/index.m3u8","https://sl.lale25725.com/upload/vod/20250814-1/13dea4c19ac459783236f2d0fdb53976.jpg","欧美精品金发美女的黑公鸡-吉赛尔·帕尔默"
"【无码】大titty titjob摩擦非常舒适 川奈椿 100222_01","https://v5.slv525627.com/20250813/8GQYU1RJ/index.m3u8","https://sl.lale25725.com/upload/vod/20250814-1/5679b7fb4cc881c3fc5d22afb19533e9.jpg","亚洲无码【无码】大titty titjob摩擦非常舒适 川奈椿 100222_01"
"麻豆-男大生的初休验打工被痴女劫童贞-艾秋","https://v5.slv525627.com/20250813/DiGBaiqx/index.m3u8","https://sl.lale25725.com/upload/vod/20250814-1/be58fe874bcb5444ff237c023e5083d2.jpg","精品推荐麻豆-男大生的初休验打工被痴女劫童贞-艾秋"
"居家少女无聊自慰让表哥操自己","https://v5.slv525627.com/20250813/hDKf5nxI/index.m3u8","https://sl.lale25725.com/upload/vod/20250814-1/4d724e06ba6eb8034d69a3a5742d768b.jpg","剧情介绍居家少女无聊自慰让表哥操自己"
"金发大美人长得符合东方人审美_被大鸡巴黑","https://v5.slv525627.com/20250813/KUAoov7L/index.m3u8","https://sl.lale25725.com/upload/vod/20250814-1/179c6a8e0c7a21f7c6941a014186a8d2.jpg","欧美精品金发大美人长得符合东方人审美_被大鸡巴黑"
"金发碧眼的妓女性交硬在沙发上","https://v5.slv525627.com/20250813/Ck6ixyaA/index.m3u8","https://sl.lale25725.com/upload/vod/20250814-1/16fbe60a4ae9889ea519fb3bd9094053.jpg","欧美精品金发碧眼的妓女性交硬在沙发上"
"居家直播callin无套呻吟性爱情趣服勾引小哥大鸡巴内射_","https://v5.slv525627.com/20250813/sWE20Qrb/index.m3u8","https://sl.lale25725.com/upload/vod/20250814-1/e9c39dcf546f2b5cdb01b328b236e0c2.jpg","主播直播居家直播callin无套呻吟性爱情趣服勾引小哥大鸡巴内射_"
"麻豆-母女诱惑双飞-韩棠 苏语棠","https://v5.slv525627.com/20250813/dPb7wiYk/index.m3u8","https://sl.lale25725.com/upload/vod/20250814-1/9a82c17df5c2af43a779192946851082.jpg","精品推荐麻豆-母女诱惑双飞-韩棠 苏语棠"
"麻豆-木下日葵绿帽老公的畸恋EP2私密性爱情欲解谜","https://v5.slv525627.com/20250813/xGKb4RVE/index.m3u8","https://sl.lale25725.com/upload/vod/20250814-1/5f4473ea0cd24a1ffb56cfbc588651d0.jpg","精品推荐麻豆-木下日葵绿帽老公的畸恋EP2私密性爱情欲解谜"
"居家摄像头南韩情侣家里打情骂俏做爱日常流出","https://v5.slv525627.com/20250813/MBLViObf/index.m3u8","https://sl.lale25725.com/upload/vod/20250814-1/e427b0682f07300459bb0dfd800f58a0.jpg","国产色情居家摄像头南韩情侣家里打情骂俏做爱日常流出"
"就一卖鱼的气质高颜","https://v5.slv525627.com/20250813/750vLPXR/index.m3u8","https://sl.lale25725.com/upload/vod/20250814-1/0f7355902c0881d1853f28315db7fdb3.jpg","剧情介绍就一卖鱼的气质高颜"
"菊花爆满山骚气美女","https://v5.slv525627.com/20250813/otlZiDca/index.m3u8","https://sl.lale25725.com/upload/vod/20250814-1/66ad75699c71a76a6434deca402cfe83.jpg","主播直播菊花爆满山骚气美女"
"金发碧眼的妓女需要大公鸡-维罗妮卡·奥罗斯科","https://v5.slv525627.com/20250813/D8EcWX9n/index.m3u8","https://sl.lale25725.com/upload/vod/20250814-1/63df8aa5d7a493c976490898068f80a9.jpg","欧美精品金发碧眼的妓女需要大公鸡-维罗妮卡·奥罗斯科"
"酒店摄像头私享台公寓偷拍","https://v5.slv525627.com/20250813/dCs69Wn4/index.m3u8","https://sl.lale25725.com/upload/vod/20250814-1/74e20041bdfeea54b8173f4246971fa8.jpg","国产色情酒店摄像头私享台公寓偷拍"
"就叫妮可青春少女","https://v5.slv525627.com/20250813/qdVMLivW/index.m3u8","https://sl.lale25725.com/upload/vod/20250814-1/fa5afed4cb146b7071d391279007d8a2.jpg","Cosplay就叫妮可青春少女"
"【无码】第一次一个人住叫来传播妹 櫻井ゆり 10musume_092122_01","https://v5.slv525627.com/20250813/SndtFwni/index.m3u8","https://sl.lale25725.com/upload/vod/20250814-1/b26d619a6bef20f9482a0a68df8eab3d.jpg","亚洲无码【无码】第一次一个人住叫来传播妹 櫻井ゆり 10musume_092122_01"
"酒窝绝美小姐姐放开尺度自慰大秀","https://v5.slv525627.com/20250813/0mSXxcNu/index.m3u8","https://sl.lale25725.com/upload/vod/20250814-1/a2ad699cdd275435e4955fd845f94b72.jpg","国产色情酒窝绝美小姐姐放开尺度自慰大秀"
"酒店摄像头情趣瑜伽球房未流出带校花女友开房啪啪","https://v5.slv525627.com/20250813/u1VdX9TA/index.m3u8","https://sl.lale25725.com/upload/vod/20250814-1/cd1fa483cadece2d69a253282e49e9ce.jpg","可爱学生酒店摄像头情趣瑜伽球房未流出带校花女友开房啪啪"
"【无码】戴上黑色头罩不想让人知道理性飞走绝顶螺旋突入的超变态妹子 君島りょうこ 10musume_082522_01","https://v5.slv525627.com/20250813/ybW9Jq6P/index.m3u8","https://sl.lale25725.com/upload/vod/20250814-1/d0f09ae275b524c5cc0a2c65097d9950.jpg","亚洲无码【无码】戴上黑色头罩不想让人知道理性飞走绝顶螺旋突入的超变态妹子 君島りょうこ 10musume_082522_01"
"居家小情侣出租屋中直播赚钱","https://v5.slv525627.com/20250813/oSL7d0da/index.m3u8","https://sl.lale25725.com/upload/vod/20250814-1/d8810433601a9aec6d1dbfee10632b31.jpg","主播直播居家小情侣出租屋中直播赚钱"
"【无码】贷款物件马上签约的高超房仲 櫻井ゆり 10musume_031423_01","https://v5.slv525627.com/20250813/Ue3VdGAv/index.m3u8","https://sl.lale25725.com/upload/vod/20250814-1/7f900a957306f96b57501e203977e363.jpg","亚洲无码【无码】贷款物件马上签约的高超房仲 櫻井ゆり 10musume_031423_01"
"【中文】SONE347キモすぎる変態義父のち●こがめちゃくちゃ大きくて…女子大生の私は嫌でたまらないのにおま●こ","https://v5.slv525627.com/20250813/Oahnkx7v/index.m3u8","https://sl.lale25725.com/upload/vod/20250814-1/73e9d68e1d15c3ffabdd4397a9dae922.jpg","中文字幕【中文】SONE347キモすぎる変態義父のち●こがめちゃくちゃ大きくて…女子大生の私は嫌でたまらないのにおま●こ"
"【中文】SONE353激イキ340回！痙攣5800回！イキ潮2900cc！グラビア芸能人金松季歩エロス覚醒","https://v5.slv525627.com/20250813/k6yoAmWP/index.m3u8","https://sl.lale25725.com/upload/vod/20250814-1/f46df7ccfa674c02a5b626c1e5d1da19.jpg","中文字幕【中文】SONE353激イキ340回！痙攣5800回！イキ潮2900cc！グラビア芸能人金松季歩エロス覚醒"
"居家爆插琪琪极品尤物小骚货","https://v5.slv525627.com/20250813/dWkxOrMq/index.m3u8","https://sl.lale25725.com/upload/vod/20250814-1/7fdbb6b69619a95a5509e870211a9fda.jpg","Cosplay居家爆插琪琪极品尤物小骚货"
"SUJI263偶然声を掛けた女の子が可愛くて…尾行わいせつ·拉致強制精飲·監●おもらし三つ編みパイパン少●よ","https://v5.slv525627.com/20250813/03qgWpIg/index.m3u8","https://sl.lale25725.com/upload/vod/20250814-1/6baedc51449bd46f7054c75161c9a374.jpg","亚洲有码SUJI263偶然声を掛けた女の子が可愛くて…尾行わいせつ·拉致強制精飲·監●おもらし三つ編みパイパン少●よ"
"TIMD006いいなりどMな男の娘ありす＆ハルカ","https://v5.slv525627.com/20250813/Zo4GeGkV/index.m3u8","https://sl.lale25725.com/upload/vod/20250814-1/6170f920223ffa4605bb63aa0accc7e1.jpg","亚洲有码TIMD006いいなりどMな男の娘ありす＆ハルカ"
"SUJI264「お母さん…この人になにしたの？わたし酷いことされてるよ…」母親のせいで犯される三つ編みパイパ","https://v5.slv525627.com/20250813/iSVm8NIj/index.m3u8","https://sl.lale25725.com/upload/vod/20250814-1/fe09607a782aa58ff32c9d918d7c61e4.jpg","强奸乱伦SUJI264「お母さん…この人になにしたの？わたし酷いことされてるよ…」母親のせいで犯される三つ編みパイパ"
"SUJI262泥●女性を狙ったレ●プ犯罪映像","https://v5.slv525627.com/20250813/ewf5A8Cb/index.m3u8","https://sl.lale25725.com/upload/vod/20250814-1/14602da658aa92e5d2530e3454c686f1.jpg","亚洲有码SUJI262泥●女性を狙ったレ●プ犯罪映像"
"【中文】SONE350終電逃してセクハラ店長とまさかの相部屋に…大嫌いなのに感じ、大嫌いなのに濡れ、大嫌いなのに","https://v5.slv525627.com/20250813/JarKRzTB/index.m3u8","https://sl.lale25725.com/upload/vod/20250814-1/aaf7b4a2364e5feb2673aaf4aef90488.jpg","中文字幕【中文】SONE350終電逃してセクハラ店長とまさかの相部屋に…大嫌いなのに感じ、大嫌いなのに濡れ、大嫌いなのに"
"TMRD1281熟妻ドラマ裸にエプロンの人妻の乳房をイジくる夫の元上司欲求不満の息子は後妻のそそる上下の口で…","https://v5.slv525627.com/20250813/XvqpJk0l/index.m3u8","https://sl.lale25725.com/upload/vod/20250814-1/30c62b9938eee0f546f29c18a8c359fb.jpg","巨乳美乳TMRD1281熟妻ドラマ裸にエプロンの人妻の乳房をイジくる夫の元上司欲求不満の息子は後妻のそそる上下の口で…"
"SUJI267「おじいちゃんって…おちんちん固くなるのかなぁ～？と思って…」好奇心旺盛な初孫禁断夜●い","https://v5.slv525627.com/20250813/05VUvbeS/index.m3u8","https://sl.lale25725.com/upload/vod/20250814-1/1871ad17695829f778a2e861d16cca5f.jpg","闷骚护士SUJI267「おじいちゃんって…おちんちん固くなるのかなぁ～？と思って…」好奇心旺盛な初孫禁断夜●い"
"【中文】SONE349グラビアアイドルが本気で貴方の自慰行為サポート4K機材で撮った疑似体験オナてつ主観映像×","https://v5.slv525627.com/20250813/fLqT4BCt/index.m3u8","https://sl.lale25725.com/upload/vod/20250814-1/8d4c466c6ac4525a432f41af0ee40793.jpg","中文字幕【中文】SONE349グラビアアイドルが本気で貴方の自慰行為サポート4K機材で撮った疑似体験オナてつ主観映像×"
"镜头前发骚的两个妹子露脸激情4P大秀各种撩骚动作不断给小哥比试舔弄大鸡巴压在身下爆草给她干的翻白眼","https://v5.slv525627.com/20250813/Mb1IJYuh/index.m3u8","https://sl.lale25725.com/upload/vod/20250814-1/6e57d10cd20125327e62845af3d8e5b6.jpg","主播直播镜头前发骚的两个妹子露脸激情4P大秀各种撩骚动作不断给小哥比试舔弄大鸡巴压在身下爆草给她干的翻白眼"
"酒店摄像头偷拍_","https://v5.slv525627.com/20250813/2oFw4Fds/index.m3u8","https://sl.lale25725.com/upload/vod/20250814-1/c4bf0737f241c963cca367b72091b457.jpg","国产色情酒店摄像头偷拍_"
"【中文】SONE352「勃起チ●ポが大好き」むっちりJカップで乳密着、授乳、洗体、パイズリしてくれる理想のノリ","https://v5.slv525627.com/20250813/Hmt3UXcC/index.m3u8","https://sl.lale25725.com/upload/vod/20250814-1/251d010e76bd137f9b22a3cddbd59548.jpg","中文字幕【中文】SONE352「勃起チ●ポが大好き」むっちりJカップで乳密着、授乳、洗体、パイズリしてくれる理想のノリ"
"TANF026夏休み日焼けあとが残るかなちゃんとごっくんプール教室","https://v5.slv525627.com/20250813/RQq6tdBD/index.m3u8","https://sl.lale25725.com/upload/vod/20250814-1/6ca73778e94a8aa129a58952845d6c40.jpg","亚洲有码TANF026夏休み日焼けあとが残るかなちゃんとごっくんプール教室"
"TIKB196【脳バグ注意】塩対応パパ活ギャルに媚薬を盛ってオマ●コ感度爆上がりでキメセク堕ち！ぶっ飛びアヘ","https://v5.slv525627.com/20250813/tJL77Da8/index.m3u8","https://sl.lale25725.com/upload/vod/20250814-1/d8439d619303485e93293a88f740879c.jpg","亚洲有码TIKB196【脳バグ注意】塩対応パパ活ギャルに媚薬を盛ってオマ●コ感度爆上がりでキメセク堕ち！ぶっ飛びアヘ"
"THPA07スーパーヒロイン危機一髪！！Vol.107アクセルガール","https://v5.slv525627.com/20250813/v06QcicR/index.m3u8","https://sl.lale25725.com/upload/vod/20250814-1/352b110682dcf05d81a030a5b2fb21e4.jpg","亚洲有码THPA07スーパーヒロイン危機一髪！！Vol.107アクセルガール"
"TMRD1282熟女淫らに濡れる午後色っぽい熟女になった同級生を●校の時にフラれた男は…","https://v5.slv525627.com/20250813/xuwhHdoA/index.m3u8","https://sl.lale25725.com/upload/vod/20250814-1/73301b13bcb06f3e5feafeb42a867e47.jpg","闷骚护士TMRD1282熟女淫らに濡れる午後色っぽい熟女になった同級生を●校の時にフラれた男は…"
"SVGAL013ダンナの留守中に、高慢ちきな若妻のクソ生意気マ〇コを極太バイブでじっくりセッカン！義父がデカ","https://v5.slv525627.com/20250813/xkc5rc5P/index.m3u8","https://sl.lale25725.com/upload/vod/20250814-1/6c67f127e31baedd63856199d5ac3365.jpg","人妻熟女SVGAL013ダンナの留守中に、高慢ちきな若妻のクソ生意気マ〇コを極太バイブでじっくりセッカン！義父がデカ"
"TLDC026レイヤ騎士団長がメイド長と秘密のメス堕ち逆指導","https://v5.slv525627.com/20250813/pmDTkbGC/index.m3u8","https://sl.lale25725.com/upload/vod/20250814-1/b7883e31659ddb925516e45875001354.jpg","亚洲有码TLDC026レイヤ騎士団長がメイド長と秘密のメス堕ち逆指導"
"SVCAO014毒親18年間大切に育てた娘ふたりと無邪気な混浴温泉旅行","https://v5.slv525627.com/20250813/m1S9QLPh/index.m3u8","https://sl.lale25725.com/upload/vod/20250814-1/12f10501a238f55e1e69178de2f3c3c0.jpg","亚洲有码SVCAO014毒親18年間大切に育てた娘ふたりと無邪気な混浴温泉旅行"
"THPA06スーパーヒロイン危機一髪！！Vol.106光走戦隊ゴーランジャーゴーランイエロー大ピンチ！","https://v5.slv525627.com/20250813/CapiOxd1/index.m3u8","https://sl.lale25725.com/upload/vod/20250814-1/bf1289a9f273053c0ea94f71986c28ad.jpg","亚洲有码THPA06スーパーヒロイン危機一髪！！Vol.106光走戦隊ゴーランジャーゴーランイエロー大ピンチ！"
"SUJI266パイパン貧乳いもうと調教日記～夏休み起きた禁断兄妹中出し近親相姦～ゆうか","https://v5.slv525627.com/20250813/zADHBF2O/index.m3u8","https://sl.lale25725.com/upload/vod/20250814-1/ef9d285afba64715af5d693576af6f94.jpg","巨乳美乳SUJI266パイパン貧乳いもうと調教日記～夏休み起きた禁断兄妹中出し近親相姦～ゆうか"
"SYKH132ブーツの美魔女とナマ交尾即ズボチ〇ポの快感に美貌が蕩ける…じゅんさん27歳","https://v5.slv525627.com/20250813/M6UyPPlB/index.m3u8","https://sl.lale25725.com/upload/vod/20250814-1/50c3b8deb7d7ae534dd6f0e4c199fcdb.jpg","亚洲有码SYKH132ブーツの美魔女とナマ交尾即ズボチ〇ポの快感に美貌が蕩ける…じゅんさん27歳"
"SW986乳·尻·密着！メンズエステ。パンチラ見て勃起し過ぎたペニスがエステティシャンの股間に猛アタック！「","https://v5.slv525627.com/20250813/vph6OZbJ/index.m3u8","https://sl.lale25725.com/upload/vod/20250814-1/408bc2e98c09937102e49d1c41ba43fd.jpg","巨乳美乳SW986乳·尻·密着！メンズエステ。パンチラ見て勃起し過ぎたペニスがエステティシャンの股間に猛アタック！「"
"SVGAL010今日の授業は先生の膣を使います。西野絵美","https://v5.slv525627.com/20250813/qA8UNYby/index.m3u8","https://sl.lale25725.com/upload/vod/20250814-1/616fc3c09eb7ffedd82b323595420591.jpg","亚洲有码SVGAL010今日の授業は先生の膣を使います。西野絵美"
"T38026極極極壁肉便器VIPファン限定◆雌穴開放デー芦名ほのか","https://v5.slv525627.com/20250813/cflFGpok/index.m3u8","https://sl.lale25725.com/upload/vod/20250814-1/0c5225be7019e762b6c404fed9752efa.jpg","亚洲有码T38026極極極壁肉便器VIPファン限定◆雌穴開放デー芦名ほのか"
"THZA00スーパーヒロイン絶体絶命！！Vol.100スパンデクサームーンエンジェル","https://v5.slv525627.com/20250813/rxLFtSdF/index.m3u8","https://sl.lale25725.com/upload/vod/20250814-1/0c1aa27d32f6882b02fc631ea766acdb.jpg","亚洲有码THZA00スーパーヒロイン絶体絶命！！Vol.100スパンデクサームーンエンジェル"
"SW987お兄ちゃん大好き妹がノーブラおっぱいパンチラで誘惑するけど、手を出してこないので、勝手に朝勃ちチ○","https://v5.slv525627.com/20250813/ilIE2DgE/index.m3u8","https://sl.lale25725.com/upload/vod/20250814-1/3831e1d8f7bd43a72015da2382f02134.jpg","亚洲有码SW987お兄ちゃん大好き妹がノーブラおっぱいパンチラで誘惑するけど、手を出してこないので、勝手に朝勃ちチ○"
"SUJI265もう泣かないでよ、余計興奮しちゃうじゃん。臆病泣き虫怖がりパイパン少●猥褻淫交","https://v5.slv525627.com/20250813/R6LSokr5/index.m3u8","https://sl.lale25725.com/upload/vod/20250814-1/b9247f8a8a68c0f89bcba98689861066.jpg","亚洲有码SUJI265もう泣かないでよ、余計興奮しちゃうじゃん。臆病泣き虫怖がりパイパン少●猥褻淫交"
"SUJI268はじめては知らないおじさんと…ちびっ子パイパン少●中出し映像","https://v5.slv525627.com/20250813/xMjbDZg0/index.m3u8","https://sl.lale25725.com/upload/vod/20250814-1/3dfd22ee2ce6dc925f8a5fa8f60c6099.jpg","亚洲有码SUJI268はじめては知らないおじさんと…ちびっ子パイパン少●中出し映像"
"TIKB197性欲強めの酒好きパコりたガールちゃん","https://v5.slv525627.com/20250813/sdzrlrUu/index.m3u8","https://sl.lale25725.com/upload/vod/20250814-1/4b6b65990b8396581c119c4bc1882d40.jpg","亚洲有码TIKB197性欲強めの酒好きパコりたガールちゃん"
"TANP034団地ふたりぼっち姉ななこちゃん妹かおりちゃんパパとママがいない夜に…","https://v5.slv525627.com/20250813/LJnl2Sgj/index.m3u8","https://sl.lale25725.com/upload/vod/20250814-1/5e369fc23b7648728988a2b26dd4631b.jpg","亚洲有码TANP034団地ふたりぼっち姉ななこちゃん妹かおりちゃんパパとママがいない夜に…"
"SYKH133ブーツの美魔女とナマ交尾即ズボチ〇ポの快感に美貌が蕩ける…みなみさん26歳","https://v5.slv525627.com/20250813/7koRQq2N/index.m3u8","https://sl.lale25725.com/upload/vod/20250814-1/332fb8f697973271b964631edcb1ec03.jpg","风情旗袍SYKH133ブーツの美魔女とナマ交尾即ズボチ〇ポの快感に美貌が蕩ける…みなみさん26歳"
"TKOU016人間拘束くすぐり失禁快楽拷問","https://v5.slv525627.com/20250813/M0C99WXE/index.m3u8","https://sl.lale25725.com/upload/vod/20250814-1/5b98b6dc6d7f4688343c027532e5ec05.jpg","欺辱凌辱TKOU016人間拘束くすぐり失禁快楽拷問"
"TANP033AliceReDebutKaori","https://v5.slv525627.com/20250813/uYPznCk9/index.m3u8","https://sl.lale25725.com/upload/vod/20250814-1/2674010e29ad95f3b1567bbd1a84d4ec.jpg","欺辱凌辱TANP033AliceReDebutKaori"
"TCD301巨根ニューハーフが憧れの女優と禁断の中出しレズビアンひなた結衣","https://v5.slv525627.com/20250813/oeAY76oT/index.m3u8","https://sl.lale25725.com/upload/vod/20250814-1/e645ca7d33f5f5a019e090012bc21f99.jpg","恋腿狂魔TCD301巨根ニューハーフが憧れの女優と禁断の中出しレズビアンひなた結衣"
"SYKH136ブーツの美魔女とナマ交尾即ズボチ〇ポの快感に美貌が蕩ける…りえさん24歳","https://v5.slv525627.com/20250813/AyBFI1hi/index.m3u8","https://sl.lale25725.com/upload/vod/20250814-1/9dc50c9a80db7da6808cabaefc07b07e.jpg","风情旗袍SYKH136ブーツの美魔女とナマ交尾即ズボチ〇ポの快感に美貌が蕩ける…りえさん24歳"
"TCD300長身美形ニューハーフデカチ〇ポ濃厚レズビアン","https://v5.slv525627.com/20250813/C0HmhYJX/index.m3u8","https://sl.lale25725.com/upload/vod/20250814-1/f4cc0a95f7ed73c015f2a0a038ac852e.jpg","欺辱凌辱TCD300長身美形ニューハーフデカチ〇ポ濃厚レズビアン"
"SW989ぬるぬるローション黒パンスト尻女上司！本当は自分がエッチしたい女上司が、ポンコツ部下を誘惑！変態","https://v5.slv525627.com/20250813/OQjvyf63/index.m3u8","https://sl.lale25725.com/upload/vod/20250814-1/1bc5515e4ad2c83144be0ee71f299615.jpg","日本精品SW989ぬるぬるローション黒パンスト尻女上司！本当は自分がエッチしたい女上司が、ポンコツ部下を誘惑！変態"
"SYKH135ブーツのお姉さんにしゃぶってもらいたい！フェラチオ好きのブーツ女子12名","https://v5.slv525627.com/20250813/Se89Jeo6/index.m3u8","https://sl.lale25725.com/upload/vod/20250814-1/093a9061759fe8e6326d6cf2f0600c0a.jpg","欺辱凌辱SYKH135ブーツのお姉さんにしゃぶってもらいたい！フェラチオ好きのブーツ女子12名"
"STSK160ベビーカー妻付け狙い@杉並区産後処女ママ膣内ザーメン汚し","https://v5.slv525627.com/20250813/7pRj8nvj/index.m3u8","https://sl.lale25725.com/upload/vod/20250814-1/34e65a904c74cb78f0e84eae8e33fac9.jpg","人妻熟女STSK160ベビーカー妻付け狙い@杉並区産後処女ママ膣内ザーメン汚し"
"STSK159ミニスカハンター進学塾おねんね学習","https://v5.slv525627.com/20250813/9h6UVBfP/index.m3u8","https://sl.lale25725.com/upload/vod/20250814-1/c19858a834fa835479dbccce6a785f49.jpg","日本精品STSK159ミニスカハンター進学塾おねんね学習"
"SVCAO013下剋上等！反撃サディスティックヴィレッジの女AD撮影現場で女上司にハメられ、おっさん男優とS","https://v5.slv525627.com/20250813/oOR0TEqV/index.m3u8","https://sl.lale25725.com/upload/vod/20250814-1/beefcfabdfe58694cc517b3f500ef238.jpg","制服丝袜SVCAO013下剋上等！反撃サディスティックヴィレッジの女AD撮影現場で女上司にハメられ、おっさん男優とS"
"T38025貞操観念逆天！？色欲に目覚めた巨乳団地妻","https://v5.slv525627.com/20250813/Je0XWoO6/index.m3u8","https://sl.lale25725.com/upload/vod/20250814-1/ca51854dd2d1a1976a70ebea1e3f3995.jpg","巨乳美乳T38025貞操観念逆天！？色欲に目覚めた巨乳団地妻"
"SVDVD958童貞救済法案女性市役所職員自ら性交処置【ご相談ください】童貞の悩みを相談員が現場でサポート","https://v5.slv525627.com/20250813/IQA0RUTI/index.m3u8","https://sl.lale25725.com/upload/vod/20250814-1/137d0f2fc988d88369557a8ce0f123f1.jpg","日本精品SVDVD958童貞救済法案女性市役所職員自ら性交処置【ご相談ください】童貞の悩みを相談員が現場でサポート"
"TANG004恥穴舌舐達磨","https://v5.slv525627.com/20250813/mVtnkhqt/index.m3u8","https://sl.lale25725.com/upload/vod/20250814-1/8eed9038962ae68f1e09b8c03e256fdc.jpg","欺辱凌辱TANG004恥穴舌舐達磨"
"TCHB037とある男の秘録集12","https://v5.slv525627.com/20250813/XjDldfa7/index.m3u8","https://sl.lale25725.com/upload/vod/20250814-1/3fe7caa10519c6ea2b95ac8cdddb20ad.jpg","女优系列TCHB037とある男の秘録集12"
"TCHB036チーム中出しプカプカZ＃003","https://v5.slv525627.com/20250813/kyhzKhWB/index.m3u8","https://sl.lale25725.com/upload/vod/20250814-1/a76077afe3b46948c529919d2a62527c.jpg","女优系列TCHB036チーム中出しプカプカZ＃003"
"TENH015ナンパにホイホイついてきちゃった素人熟女のノーハンドフェラ！！自宅に連れ込み口内射精。Vol.","https://v5.slv525627.com/20250813/vxbFP2IE/index.m3u8","https://sl.lale25725.com/upload/vod/20250814-1/a2f98d4f29bce363939050dfb224d53e.jpg","女优系列TENH015ナンパにホイホイついてきちゃった素人熟女のノーハンドフェラ！！自宅に連れ込み口内射精。Vol."
"SYKH130ブーツの美魔女PREMIUM着衣の流儀みづきさん31歳","https://v5.slv525627.com/20250813/0yE0ot5L/index.m3u8","https://sl.lale25725.com/upload/vod/20250814-1/26aaddd6ac36dceef476a65db8cbb77d.jpg","日本精品SYKH130ブーツの美魔女PREMIUM着衣の流儀みづきさん31歳"
"TCD302デカチン生えたド淫乱ニューハーフ～中出しだらけの可憐な性事情～","https://v5.slv525627.com/20250814/QTPQjc2M/index.m3u8","https://sl.lale25725.com/upload/vod/20250814-1/9d58966c0abccaddf9ee7e1a1a513311.jpg","口交颜射TCD302デカチン生えたド淫乱ニューハーフ～中出しだらけの可憐な性事情～"
"SVSHA030羞恥！たいけんしちゃお！THEタイムリープ性教育テレビ！あかるく楽しく学ぶ、からだのことと、","https://v5.slv525627.com/20250813/IbN2jszR/index.m3u8","https://sl.lale25725.com/upload/vod/20250814-1/a853ff091015c29f5a0508a0b95a52ee.jpg","口交颜射SVSHA030羞恥！たいけんしちゃお！THEタイムリープ性教育テレビ！あかるく楽しく学ぶ、からだのことと、"
"SW988「お義父様ここだけはお元気なんですね（ハート）」夫が近くに居るのに義父とのドキドキ不倫性交に溺れる","https://v5.slv525627.com/20250813/F5ZghVPm/index.m3u8","https://sl.lale25725.com/upload/vod/20250814-1/4de504fb1344338fcd6bdbcacf07377c.jpg","强奸乱伦SW988「お義父様ここだけはお元気なんですね（ハート）」夫が近くに居るのに義父とのドキドキ不倫性交に溺れる"
"酒后乱性同学聚会重遇白月光后单约唱K酒后开房全程醉语淫叫发疯狂草也算是偷情天花板的刺激了","https://v5.slv525627.com/20250814/K5RLXxUR/index.m3u8","https://sl.lale25725.com/upload/vod/20250814-1/681cb4eea75a2c0e8e624f42dd8c07e9.jpg","网曝门酒后乱性同学聚会重遇白月光后单约唱K酒后开房全程醉语淫叫发疯狂草也算是偷情天花板的刺激了"
"SW990スケベなカラダに成長した従妹と一緒にお風呂！勃起した僕のチ〇ポを興味津々で握りしめ（ハート）家族に","https://v5.slv525627.com/20250814/KopTL0Xs/index.m3u8","https://sl.lale25725.com/upload/vod/20250814-1/ad7b2b707097275db6dec60f2f90b146.jpg","多人多PSW990スケベなカラダに成長した従妹と一緒にお風呂！勃起した僕のチ〇ポを興味津々で握りしめ（ハート）家族に"
"酒店约嫖偷拍年纪不大的纹身卖淫女","https://v5.slv525627.com/20250814/fCu7Czbn/index.m3u8","https://sl.lale25725.com/upload/vod/20250814-1/85955ea9d1ad2366bfe57b18cfad174d.jpg","自拍偷拍酒店约嫖偷拍年纪不大的纹身卖淫女"
"SVMGM034マジックミラー号ハードボイルド崖っぷち借金女ADがJDティッ〇トッカーと野球拳勝負！in埼","https://v5.slv525627.com/20250813/qaa0pbUs/index.m3u8","https://sl.lale25725.com/upload/vod/20250814-1/7907ea9e4da08512a5e56ed3f55cb525.jpg","制服丝袜SVMGM034マジックミラー号ハードボイルド崖っぷち借金女ADがJDティッ〇トッカーと野球拳勝負！in埼"
"TCHB040暗黒痴女まとめ02","https://v5.slv525627.com/20250813/KzSEOmKp/index.m3u8","https://sl.lale25725.com/upload/vod/20250814-1/3f4c8e4649b69e8f2c2e0530729e114d.jpg","萝莉少女TCHB040暗黒痴女まとめ02"
"酒店约炮纹玛丽莲梦露的成都爆乳","https://v5.slv525627.com/20250814/ZiGnvR6x/index.m3u8","https://sl.lale25725.com/upload/vod/20250814-1/da49b584d56635c37e71ef15ac508472.jpg","91探花酒店约炮纹玛丽莲梦露的成都爆乳"
"酒店约炮漂亮的少妇身材保养的不错BB还是粉嫩粉嫩的","https://v5.slv525627.com/20250814/vCtzsHYh/index.m3u8","https://sl.lale25725.com/upload/vod/20250814-1/306b9e34fce9a7774f678fc077195fa5.jpg","91探花酒店约炮漂亮的少妇身材保养的不错BB还是粉嫩粉嫩的"
"酒店约炮三人组","https://v5.slv525627.com/20250814/Fh6oGsDE/index.m3u8","https://sl.lale25725.com/upload/vod/20250814-1/4cc08d2191ef34ce9376549d87175b9f.jpg","91探花酒店约炮三人组"
"SUPA644感度がイイのはこのカラダ！！スレンダー美女の快感ビンビンSEXBEST！！","https://v5.slv525627.com/20250814/Qc8iERVY/index.m3u8","https://sl.lale25725.com/upload/vod/20250814-1/087924abf77f1d8345eff84e51128e2c.jpg","萝莉少女SUPA644感度がイイのはこのカラダ！！スレンダー美女の快感ビンビンSEXBEST！！"
"酒店针孔摄像头偷拍学生情侣开房基情一夜无套打桩","https://v5.slv525627.com/20250814/FwiIcY95/index.m3u8","https://sl.lale25725.com/upload/vod/20250814-1/ae59f95d104c149fe1f16c4de76b17da.jpg","91探花酒店针孔摄像头偷拍学生情侣开房基情一夜无套打桩"
"酒店约上门小少妇一把好胸又大又挺","https://v5.slv525627.com/20250814/XzDfPyxR/index.m3u8","https://sl.lale25725.com/upload/vod/20250814-1/15e62c761e7af1a2dcd6132033253db6.jpg","91探花酒店约上门小少妇一把好胸又大又挺"
"SUPA645Hな素人J系THEBEST天然エッチ女子校生大集合！volume.01","https://v5.slv525627.com/20250814/8N2gI9ij/index.m3u8","https://sl.lale25725.com/upload/vod/20250814-1/5fcb127d9d04ed8386a6d488c0551967.jpg","萝莉少女SUPA645Hな素人J系THEBEST天然エッチ女子校生大集合！volume.01"
"酒店约炮外围妹成都小姐姐活好嘴甜叫床骚","https://v5.slv525627.com/20250814/HSzwvzSB/index.m3u8","https://sl.lale25725.com/upload/vod/20250814-1/8fbb6e5854bc9d6745a735014f462983.jpg","91探花酒店约炮外围妹成都小姐姐活好嘴甜叫床骚"
"SVFLA004アナル舐めさせ小悪魔痴女♪むせるようなケツ穴の匂いと味でマーキング！尻穴＊ひくひく肛門クン","https://v5.slv525627.com/20250813/LsV3uibi/index.m3u8","https://sl.lale25725.com/upload/vod/20250814-1/4431b674edab5e6925f38b36538f6f9e.jpg","强奸乱伦SVFLA004アナル舐めさせ小悪魔痴女♪むせるようなケツ穴の匂いと味でマーキング！尻穴＊ひくひく肛門クン"
"SUPA642マジでパイズリまみれBESTS級素人60人240分素人とは思えないえっちぃオッパイ使い女子大集合！","https://v5.slv525627.com/20250814/WgDsOotN/index.m3u8","https://sl.lale25725.com/upload/vod/20250814-1/c2c76a63d6e6533e146e0a13db21f424.jpg","萝莉少女SUPA642マジでパイズリまみれBESTS級素人60人240分素人とは思えないえっちぃオッパイ使い女子大集合！"
"酒店真实偷拍两个瘦子小哥带了各自女友一起開房_","https://v5.slv525627.com/20250814/4SmBp4La/index.m3u8","https://sl.lale25725.com/upload/vod/20250814-1/6ba694762754e03e6c864ecacfede245.jpg","自拍偷拍酒店真实偷拍两个瘦子小哥带了各自女友一起開房_"
"巨乳客房美女服务员","https://v5.slv525627.com/20250814/0Jp2fUpX/index.m3u8","https://sl.lale25725.com/upload/vod/20250814-1/2a9bd8e347d1179f408dd158223c4ac3.jpg","网红流出巨乳客房美女服务员"
"酒店针孔真实记录小情侣两天七次激情亮点是妹子的一对超大巨乳3","https://v5.slv525627.com/20250814/MvZ1SlzD/index.m3u8","https://sl.lale25725.com/upload/vod/20250814-1/08ef10158bd2b20c3903e77f5d69ec47.jpg","网曝门酒店针孔真实记录小情侣两天七次激情亮点是妹子的一对超大巨乳3"
"SVS084縛られた美しき肉感巨乳の緊縛マゾ堕ち性交","https://v5.slv525627.com/20250814/kFOLET93/index.m3u8","https://sl.lale25725.com/upload/vod/20250814-1/490c3bfa2be1c9fb1b2ad2a73ada9f9d.jpg","巨乳美乳SVS084縛られた美しき肉感巨乳の緊縛マゾ堕ち性交"
"巨乳气质直播主妖媚女王狐狸精半夜野外发车在小开家的废弃厂房开干","https://v5.slv525627.com/20250814/ts5eRXVV/index.m3u8","https://sl.lale25725.com/upload/vod/20250814-1/4b1ccd7d7fdd20fcb7b8227d094af79e.jpg","主播直播巨乳气质直播主妖媚女王狐狸精半夜野外发车在小开家的废弃厂房开干"
"TCHB039暗黒絶対かわいいスペシャル8人300分【永久追放版】","https://v5.slv525627.com/20250814/0T9utIir/index.m3u8","https://sl.lale25725.com/upload/vod/20250814-1/0e8a097cee87e58b899dab5c3791b72c.jpg","东南亚AVTCHB039暗黒絶対かわいいスペシャル8人300分【永久追放版】"
"巨乳肥臀aikonany2","https://v5.slv525627.com/20250814/5GEAjy9l/index.m3u8","https://sl.lale25725.com/upload/vod/20250814-1/1760b887a5a071ad14ad67a05a1b59a4.jpg","91探花巨乳肥臀aikonany2"
"巨乳骚货车内做爱刚刚放进去运动就没路人发现","https://v5.slv525627.com/20250814/dVEGdnAp/index.m3u8","https://sl.lale25725.com/upload/vod/20250814-1/bc576ce6785b1b33dcccfed8a2264645.jpg","国产色情巨乳骚货车内做爱刚刚放进去运动就没路人发现"
"巨乳人妻惨遭报复","https://v5.slv525627.com/20250814/VP2FjmQX/index.m3u8","https://sl.lale25725.com/upload/vod/20250814-1/1c3d74d38b6566df10113cc4fa1b6159.jpg","国产色情巨乳人妻惨遭报复"
"巨乳女孩之粉色细嫩","https://v5.slv525627.com/20250814/ADMnjyQM/index.m3u8","https://sl.lale25725.com/upload/vod/20250814-1/dd6858a91147b6010ffb84f4487f146c.jpg","唯美港姐巨乳女孩之粉色细嫩"
"巨乳美女我下面浅上位顶到小肚子会痛不要射里面射的时候我拔出来身材高挑前凸后翘控制不住最后还是被小哥内射了","https://v5.slv525627.com/20250814/w1PnyK1f/index.m3u8","https://sl.lale25725.com/upload/vod/20250814-1/25a79e2c89ca340e548c46d7bf3484d2.jpg","国产色情巨乳美女我下面浅上位顶到小肚子会痛不要射里面射的时候我拔出来身材高挑前凸后翘控制不住最后还是被小哥内射了"
"SUJI26912人のパイパンセーラー服中出し淫交映像集4時間","https://v5.slv525627.com/20250814/RleOJz8O/index.m3u8","https://sl.lale25725.com/upload/vod/20250814-1/550a1370886b05753f3e75326f32bc10.jpg","东南亚AVSUJI26912人のパイパンセーラー服中出し淫交映像集4時間"
"酒店约炮微胖赵奕欢颜值天花板胸涌翻滚汁乱颤","https://v5.slv525627.com/20250814/FutNJHtN/index.m3u8","https://sl.lale25725.com/upload/vod/20250814-1/bb3ed3512c51e00af9588dc7162e4f04.jpg","自拍偷拍酒店约炮微胖赵奕欢颜值天花板胸涌翻滚汁乱颤"
"SVS083着衣でバコバコハメまくり脱がない脱がさせない着たまま追い込み絶頂アクメ","https://v5.slv525627.com/20250814/NG48QdqB/index.m3u8","https://sl.lale25725.com/upload/vod/20250814-1/171c3cd5241e835d74bfecaf49042356.jpg","东南亚AVSVS083着衣でバコバコハメまくり脱がない脱がさせない着たまま追い込み絶頂アクメ"
"STSK161訪問販売ヤ〇ルトレディ狩り（STSK161）","https://v5.slv525627.com/20250814/z0tc3l6u/index.m3u8","https://sl.lale25725.com/upload/vod/20250814-1/b9b767fe27b61535400948bacc04bb2a.jpg","口交颜射STSK161訪問販売ヤ〇ルトレディ狩り（STSK161）"
"SVMGM032マジックミラー号ハードボイルド美脚キャビンアテンダントが恥闇バイト穴開き黒パンスト·膣コキ","https://v5.slv525627.com/20250813/LyeTDWyX/index.m3u8","https://sl.lale25725.com/upload/vod/20250814-1/14d7fdf485db926bccd364dbc830b0bb.jpg","口交颜射SVMGM032マジックミラー号ハードボイルド美脚キャビンアテンダントが恥闇バイト穴開き黒パンスト·膣コキ"
"SVFLA003剛毛オマ●コ舐めさせ美少女毛深い膣穴肛門の匂いと味でマーキング！マン毛しゃぶらせSEXで発情","https://v5.slv525627.com/20250813/X9UrOEbY/index.m3u8","https://sl.lale25725.com/upload/vod/20250814-1/9f385d1df8aaf0f3b397ab31d2bf8f08.jpg","制服丝袜SVFLA003剛毛オマ●コ舐めさせ美少女毛深い膣穴肛門の匂いと味でマーキング！マン毛しゃぶらせSEXで発情"
"酒店约炮纹玛丽莲梦露的成都爆乳兼职大胸妹_","https://v5.slv525627.com/20250814/EydcWnaf/index.m3u8","https://sl.lale25725.com/upload/vod/20250814-1/bf782e908456b2b43fd4fae38aa1fcf1.jpg","91探花酒店约炮纹玛丽莲梦露的成都爆乳兼职大胸妹_"
"TCHB038【旦那公認】人妻NTR04他人棒で覚醒するドエロい奥様たち","https://v5.slv525627.com/20250814/nmcNX3zW/index.m3u8","https://sl.lale25725.com/upload/vod/20250814-1/37e7821f95f8515b72e2001e31937f26.jpg","人妻熟女TCHB038【旦那公認】人妻NTR04他人棒で覚醒するドエロい奥様たち"
"巨乳班主任给高考学生的奖励","https://v5.slv525627.com/20250814/avFC7TPY/index.m3u8","https://sl.lale25725.com/upload/vod/20250814-1/b94e2a870b25e54467f044e73522047a.jpg","网曝门巨乳班主任给高考学生的奖励"
"TMRD1284熟女交尾ドラマ410人4時間「もう、入れて欲しいの！」","https://v5.slv525627.com/20250814/rZ33sV4v/index.m3u8","https://sl.lale25725.com/upload/vod/20250814-1/3072593ce0ad801e691b048400b24d78.jpg","制服丝袜TMRD1284熟女交尾ドラマ410人4時間「もう、入れて欲しいの！」"
"巨乳女仆主人不可以坏坏呦","https://v5.slv525627.com/20250814/BwTOZTPQ/index.m3u8","https://sl.lale25725.com/upload/vod/20250814-1/d01d0244605a52823947b8633541fd94.jpg","唯美港姐巨乳女仆主人不可以坏坏呦"
"巨乳美乳摸奶技巧爽歪歪","https://v5.slv525627.com/20250814/AoWE4CwS/index.m3u8","https://sl.lale25725.com/upload/vod/20250814-1/4d8a16459ea351fe22c12e75b99ae0c4.jpg","素人自拍巨乳美乳摸奶技巧爽歪歪"
"鸳鸯戏水.","https://v5.slv525627.com/20250814/F6gZxQaJ/index.m3u8","https://sl.lale25725.com/upload/vod/20250814-1/25f427f4580a9ea83f51b30f93703913.jpg","男同性恋鸳鸯戏水."
"巨乳尤物美味的肉体超级大屁股道具自慰","https://v5.slv525627.com/20250814/IX6mDciF/index.m3u8","https://sl.lale25725.com/upload/vod/20250814-1/8d4eaeb26bc35e3f479b850c51959dae.jpg","主播直播巨乳尤物美味的肉体超级大屁股道具自慰"
"巨乳骚母狗淫声荡语撩骚互动近拍道具操","https://v5.slv525627.com/20250814/04rBK2Ka/index.m3u8","https://sl.lale25725.com/upload/vod/20250814-1/f7283196e4e50a2d6d481ae8263496fd.jpg","主播直播巨乳骚母狗淫声荡语撩骚互动近拍道具操"
"院长列表挑战.","https://v5.slv525627.com/20250814/3LxyajOc/index.m3u8","https://sl.lale25725.com/upload/vod/20250814-1/2fc31f371b3fc42339c676093138331a.jpg","男同性恋院长列表挑战."
"【无码】访谈中居然马上插入！清楚系素人爽到理性丧失 藤村みか 10musume_081122_01","https://v5.slv525627.com/20250814/T8qXLDW5/index.m3u8","https://sl.lale25725.com/upload/vod/20250814-1/5a791615e8f9f2ff1125e0ad6ed93565.jpg","亚洲无码【无码】访谈中居然马上插入！清楚系素人爽到理性丧失 藤村みか 10musume_081122_01"
"原始的按摩骑行.","https://v5.slv525627.com/20250814/4Kp8lZMg/index.m3u8","https://sl.lale25725.com/upload/vod/20250814-1/4a186198ee5d0d3b24dd326cee93ce49.jpg","女同性恋原始的按摩骑行."
"巨乳御姐来了美腿丝袜高跟高颜值女神天价啪啪","https://v5.slv525627.com/20250814/3Km0HR8j/index.m3u8","https://sl.lale25725.com/upload/vod/20250814-1/e044e9f9d74571b685f187df0e69e7d5.jpg","Cosplay巨乳御姐来了美腿丝袜高跟高颜值女神天价啪啪"
"巨乳学妹的小心思","https://v5.slv525627.com/20250814/0RhuT1Sd/index.m3u8","https://sl.lale25725.com/upload/vod/20250814-1/90a6e59d2485f7c9b9c4c7eef79223b6.jpg","剧情介绍巨乳学妹的小心思"
"3D原神AKT-优菈约旅行者出来蛮力脱了裤子口交国语中字","https://v5.slv525627.com/20250814/1OzhCwKA/index.m3u8","https://sl.lale25725.com/upload/vod/20250814-1/0629a2c7bb838e9a3a3f82dfaf9c5d5e.jpg","成人动漫3D原神AKT-优菈约旅行者出来蛮力脱了裤子口交国语中字"
"巨乳尤物美味的肉体超级大屁股道具自慰-2","https://v5.slv525627.com/20250814/25sTlTPM/index.m3u8","https://sl.lale25725.com/upload/vod/20250814-1/577599978d83b5ad6997ca883699972f.jpg","主播直播巨乳尤物美味的肉体超级大屁股道具自慰-2"
"约会极品人妖.","https://v5.slv525627.com/20250814/BfUEmKfe/index.m3u8","https://sl.lale25725.com/upload/vod/20250814-1/ba9f693da64d130eef4b91523cab7b33.jpg","女同性恋约会极品人妖."
"巨乳美女全身抹油强力喷水自插大爆浆","https://v5.slv525627.com/20250814/IgA9mvXM/index.m3u8","https://sl.lale25725.com/upload/vod/20250814-1/d3e4f8055ce80913affbf696e933c142.jpg","国产色情巨乳美女全身抹油强力喷水自插大爆浆"
"巨乳长腿骚妻被老公出卖4P混战无套内射","https://v5.slv525627.com/20250814/Bt9n8pHP/index.m3u8","https://sl.lale25725.com/upload/vod/20250814-1/bcfb845bf4bd5bc05e893ea6cfabe1bc.jpg","多人多P巨乳长腿骚妻被老公出卖4P混战无套内射"
"巨乳少妇天然吊钟大奶","https://v5.slv525627.com/20250814/oqAB1Quu/index.m3u8","https://sl.lale25725.com/upload/vod/20250814-1/cc1d7d95ac6b6b6dc91a3deccb86f012.jpg","兽耳系列巨乳少妇天然吊钟大奶"
"巨乳眼镜妹被洋男友无套内射","https://v5.slv525627.com/20250814/8dorSRG2/index.m3u8","https://sl.lale25725.com/upload/vod/20250814-1/b375eee0b8c050f6cfde6e8d2c3b878d.jpg","台湾辣妹巨乳眼镜妹被洋男友无套内射"
"巨乳网红长腿李焕英6-1","https://v5.slv525627.com/20250814/WF0DH4yV/index.m3u8","https://sl.lale25725.com/upload/vod/20250814-1/b32db70d1747cf6fbea0ff483e9358c9.jpg","Cosplay巨乳网红长腿李焕英6-1"
"巨乳女神绵绵回归高价收费房道具自慰抽插酮体雪白_","https://v5.slv525627.com/20250814/hm0ooaKS/index.m3u8","https://sl.lale25725.com/upload/vod/20250814-1/306b1e0302820ac6f9e1a83c02422a79.jpg","国产色情巨乳女神绵绵回归高价收费房道具自慰抽插酮体雪白_"
"巨乳姐妹花桃子仙女酒店800约按摩小哥上门服务","https://v5.slv525627.com/20250814/1jdRtqEI/index.m3u8","https://sl.lale25725.com/upload/vod/20250814-1/815e99404e47331f0d7ceaceafae14f7.jpg","古装扮演巨乳姐妹花桃子仙女酒店800约按摩小哥上门服务"
"巨乳学生妹非常有戏空干也可以演的超级逼真","https://v5.slv525627.com/20250814/4peP15dO/index.m3u8","https://sl.lale25725.com/upload/vod/20250814-1/81b62d3a030c6d62f250bc900939d61a.jpg","可爱学生巨乳学生妹非常有戏空干也可以演的超级逼真"
"麻豆-男友的私房早餐-苏清歌","https://v5.slv525627.com/20250814/Apyteroz/index.m3u8","https://sl.lale25725.com/upload/vod/20250814-1/722721e22552b92bf45675c76263ff03.jpg","精品推荐麻豆-男友的私房早餐-苏清歌"
"麻豆-嫩妻为退押金被房东操-南芊允","https://v5.slv525627.com/20250814/wgbBLZnB/index.m3u8","https://sl.lale25725.com/upload/vod/20250814-1/6512c05144c4dc7776f2d295b1d1f636.jpg","精品推荐麻豆-嫩妻为退押金被房东操-南芊允"
"【中文】SONE354「超やらかいのはお嫌いですか？」揉んで、挟んで、吸って、揺らして…柔らかさNo.1プルンッ","https://v5.slv525627.com/20250814/QfDtxZOh/index.m3u8","https://sl.lale25725.com/upload/vod/20250814-1/d5b50b4cf0d47bacf85986f954c00c6d.jpg","中文字幕【中文】SONE354「超やらかいのはお嫌いですか？」揉んで、挟んで、吸って、揺らして…柔らかさNo.1プルンッ"
"金发美女家里自慰","https://v5.slv525627.com/20250814/dPqbllbP/index.m3u8","https://sl.lale25725.com/upload/vod/20250814-1/822c496f4af43aa177f2455664c479db.jpg","欧美精品金发美女家里自慰"
"金发美女在出租车中被滥用","https://v5.slv525627.com/20250814/RSgPNL2t/index.m3u8","https://sl.lale25725.com/upload/vod/20250814-1/d02391f8e442ebbdec24f66692dbafc5.jpg","欧美精品金发美女在出租车中被滥用"
"【无码】读者模特儿的通透泳装调教 春希ゆきの 10musume_101822_01","https://v5.slv525627.com/20250814/PaEV83at/index.m3u8","https://sl.lale25725.com/upload/vod/20250814-1/7c8b00eafb05ce366d4bc1ae1d9484cf.jpg","亚洲无码【无码】读者模特儿的通透泳装调教 春希ゆきの 10musume_101822_01"
"金发美女的诱惑","https://v5.slv525627.com/20250814/OvGx3bNz/index.m3u8","https://sl.lale25725.com/upload/vod/20250814-1/7f3644c228750698942ac9b27a54e5c8.jpg","欧美精品金发美女的诱惑"
"【无码】对无知般新人应召妹中出 西野纱江 10musume_022123_01","https://v5.slv525627.com/20250814/KcP2HQsO/index.m3u8","https://sl.lale25725.com/upload/vod/20250814-1/29e828f8f1dccff7e713b61ddf0cccc7.jpg","亚洲无码【无码】对无知般新人应召妹中出 西野纱江 10musume_022123_01"
"金发美女玉口含萧，满口接纳你火热的激情喷射","https://v5.slv525627.com/20250814/YcITiLl5/index.m3u8","https://sl.lale25725.com/upload/vod/20250814-1/a23d7d9294df7e2e725fff4798d1c6cf.jpg","欧美精品金发美女玉口含萧，满口接纳你火热的激情喷射"
"3D原神AKT-优菈酒馆喝酒被路人下药","https://v5.slv525627.com/20250814/SPUqlhHb/index.m3u8","https://sl.lale25725.com/upload/vod/20250814-1/aa0cf3948ca1f9783d2dd0b035dbec28.jpg","成人动漫3D原神AKT-优菈酒馆喝酒被路人下药"
"【无码】对巨乳服饰贩售员以电动按摩棒与肉棒虐待调教！鬼爆抽插到恳求绝顶！ 田冈瞳 10musume_082722_01","https://v5.slv525627.com/20250814/IK5U58CV/index.m3u8","https://sl.lale25725.com/upload/vod/20250814-1/e01a7da2c6cf148f9eac0681267469b2.jpg","亚洲无码【无码】对巨乳服饰贩售员以电动按摩棒与肉棒虐待调教！鬼爆抽插到恳求绝顶！ 田冈瞳 10musume_082722_01"
"金发美女给男友口交","https://v5.slv525627.com/20250814/glNOIdfP/index.m3u8","https://sl.lale25725.com/upload/vod/20250814-1/b5a3e906a8d9dc93e1be958a35bfa140.jpg","欧美精品金发美女给男友口交"
"金发美女的性爱","https://v5.slv525627.com/20250814/O0RuANgm/index.m3u8","https://sl.lale25725.com/upload/vod/20250814-1/fac9399cd278c68971877b515ffa50b6.jpg","欧美精品金发美女的性爱"
"麻豆-女保险业务肉体的妥协-管明美","https://v5.slv525627.com/20250814/D24FO6IF/index.m3u8","https://sl.lale25725.com/upload/vod/20250814-1/1acb917d36985696b3735e4b2304d720.jpg","精品推荐麻豆-女保险业务肉体的妥协-管明美"
"金发美女抖动的屁股","https://v5.slv525627.com/20250814/hJfKtNSv/index.m3u8","https://sl.lale25725.com/upload/vod/20250814-1/e7e9dbc9f9aca6f3396468e8f6365f53.jpg","欧美精品金发美女抖动的屁股"
"约操大奶人妖.","https://v5.slv525627.com/20250814/HrNsrt1a/index.m3u8","https://sl.lale25725.com/upload/vod/20250814-1/b1536d047b8ea5171a9a1906df492da2.jpg","女同性恋约操大奶人妖."
"麻豆-你对我感兴趣吗","https://v5.slv525627.com/20250814/Zk3l9m6S/index.m3u8","https://sl.lale25725.com/upload/vod/20250814-1/d2d6cdfa9c48d3a415f552b5bbf0332b.jpg","精品推荐麻豆-你对我感兴趣吗"
"巨乳淫妻寂寞勾引","https://v5.slv525627.com/20250814/YJednubF/index.m3u8","https://sl.lale25725.com/upload/vod/20250814-1/24fb41dd94039694d8af09ab9af1f746.jpg","剧情介绍巨乳淫妻寂寞勾引"
"【中文】SONE358旦那の兄の薄壁一軒家に夫婦で転がり込んで夜の営みも出来ず身近な義兄チ〇ポに手を出した人一倍","https://v5.slv525627.com/20250814/d0zgaCCK/index.m3u8","https://sl.lale25725.com/upload/vod/20250814-1/2eff905803cfe72521d0ef2d432c470d.jpg","中文字幕【中文】SONE358旦那の兄の薄壁一軒家に夫婦で転がり込んで夜の営みも出来ず身近な義兄チ〇ポに手を出した人一倍"
"3D原神AKT-优菈被按着强插","https://v5.slv525627.com/20250814/4U8nOkpM/index.m3u8","https://sl.lale25725.com/upload/vod/20250814-1/d69538a902080f880fd4520109812a8b.jpg","成人动漫3D原神AKT-优菈被按着强插"
"3D原神AKT-荧妹温柔足交哥哥被后入国语中字","https://v5.slv525627.com/20250814/QQppN6Kl/index.m3u8","https://sl.lale25725.com/upload/vod/20250814-1/ab5deeffb3316a818aa9c26c9fdc6ab5.jpg","成人动漫3D原神AKT-荧妹温柔足交哥哥被后入国语中字"
"【中文】SONE359逃げ場なしの闇契約。乳首しか隠すことが許されないグラビアアイドル","https://v5.slv525627.com/20250814/jgleVaK6/index.m3u8","https://sl.lale25725.com/upload/vod/20250814-1/d6d44699010d25f3ba273359f8e6e284.jpg","中文字幕【中文】SONE359逃げ場なしの闇契約。乳首しか隠すことが許されないグラビアアイドル"
"【中文】SONE366華奢で気弱な競泳少女が屈強なスイマーたちに囲まれ息つく間も無くピストンされ続ける輪姦水泳部","https://v5.slv525627.com/20250814/fcOrleUs/index.m3u8","https://sl.lale25725.com/upload/vod/20250814-1/468b77bb53135f2ba97381b0832f6af3.jpg","中文字幕【中文】SONE366華奢で気弱な競泳少女が屈強なスイマーたちに囲まれ息つく間も無くピストンされ続ける輪姦水泳部"
"【中文】SONE367束縛もないし気も使わないただ欲望を満たすSEXも出来る女ともだち。","https://v5.slv525627.com/20250814/YTqmuEIb/index.m3u8","https://sl.lale25725.com/upload/vod/20250814-1/a78e5e97f089a761fa4a31bebfcc5105.jpg","中文字幕【中文】SONE367束縛もないし気も使わないただ欲望を満たすSEXも出来る女ともだち。"
"【中文】SONE364幼なじみ姉妹の姉の方と付き合った僕の事を実はずっと好きだった妹が嫉妬に狂ってノーブラおっぱい誘惑","https://v5.slv525627.com/20250814/6Ftvxv4U/index.m3u8","https://sl.lale25725.com/upload/vod/20250814-1/158bdf4f40d324b2ae1ba6b95781b974.jpg","中文字幕【中文】SONE364幼なじみ姉妹の姉の方と付き合った僕の事を実はずっと好きだった妹が嫉妬に狂ってノーブラおっぱい誘惑"
"巨乳尤物美味的肉体超级大屁股道具自慰-5","https://v5.slv525627.com/20250814/NQjH5T0n/index.m3u8","https://sl.lale25725.com/upload/vod/20250814-1/edaa23577104d7697e7e3ba3bc9ffea7.jpg","主播直播巨乳尤物美味的肉体超级大屁股道具自慰-5"
"【中文】SONE363低所得おやじ達からのわずかな小遣いでもカラダを売り、チ●ポに堕ちる貧困女子の末路。","https://v5.slv525627.com/20250814/RQ6Q4rcS/index.m3u8","https://sl.lale25725.com/upload/vod/20250814-1/5fe6b46f4a84a3612e39d4a9b6689d18.jpg","中文字幕【中文】SONE363低所得おやじ達からのわずかな小遣いでもカラダを売り、チ●ポに堕ちる貧困女子の末路。"
"TOTTE224野撮でナンパした仲良し同士のコスプレイヤーが挑戦する先イキディルドチャレンジ！友達より先に","https://v5.slv525627.com/20250812/27rgN5YA/index.m3u8","https://sl.lale25725.com/upload/vod/20250813-1/a7b10276752ccdc6a52e21a85b4b3038.jpg","亚洲有码TOTTE224野撮でナンパした仲良し同士のコスプレイヤーが挑戦する先イキディルドチャレンジ！友達より先に"
"VNDS3421隣の部屋で子供が寝てるのに…人妻さんとイチャイチャハメ撮り不倫","https://v5.slv525627.com/20250812/gmvpQwhM/index.m3u8","https://sl.lale25725.com/upload/vod/20250813-1/ede90cc81725ab701ff1356cfc4aabf2.jpg","亚洲有码VNDS3421隣の部屋で子供が寝てるのに…人妻さんとイチャイチャハメ撮り不倫"
"VEC684母の親友","https://v5.slv525627.com/20250812/nF9MrZx8/index.m3u8","https://sl.lale25725.com/upload/vod/20250813-1/9a2528c8c743847c5f98a37f5398482e.jpg","强奸乱伦VEC684母の親友"
"VENZ045超絶スケベな叔母さんが甥の巨根に発情して腰振り騎乗位最高のアヘ顔晒す口淫フェラ大人の玩具で","https://v5.slv525627.com/20250812/s8G1fBNH/index.m3u8","https://sl.lale25725.com/upload/vod/20250813-1/06f5a2c03b2082a5084760872022f6a3.jpg","强奸乱伦VENZ045超絶スケベな叔母さんが甥の巨根に発情して腰振り騎乗位最高のアヘ顔晒す口淫フェラ大人の玩具で"
"VEMA236社内一キレイな先輩女子が早く結婚しろとうるさい両親を安心させるために恋人のフリを頼んだ後輩男子","https://v5.slv525627.com/20250812/qniMkS6C/index.m3u8","https://sl.lale25725.com/upload/vod/20250813-1/d6eab8416b4ce77e71bf3ed532d6e274.jpg","制服丝袜VEMA236社内一キレイな先輩女子が早く結婚しろとうるさい両親を安心させるために恋人のフリを頼んだ後輩男子"
"VEC681無理やり抱かれたセックスが忘れられなくて浮気の沼に魅せられた人妻森沢かな","https://v5.slv525627.com/20250812/6bDowRXz/index.m3u8","https://sl.lale25725.com/upload/vod/20250813-1/5f85bf5e3c3f9e28215b2e987f9a925c.jpg","亚洲有码VEC681無理やり抱かれたセックスが忘れられなくて浮気の沼に魅せられた人妻森沢かな"
"UZU023無反応セックスカノジョはスマホ依存。ハメられてることに最後まで気づかない。","https://v5.slv525627.com/20250812/EvOU3S7r/index.m3u8","https://sl.lale25725.com/upload/vod/20250813-1/6f34958b07c2598114caaa6e9640b99b.jpg","亚洲有码UZU023無反応セックスカノジョはスマホ依存。ハメられてることに最後まで気づかない。"
"VENZ038性欲強めの人妻がお色気むんむんベロキス誘惑よだれダラダラ濃密フェラでデカチン爆勃ち大量射精","https://v5.slv525627.com/20250812/tMkzkfIH/index.m3u8","https://sl.lale25725.com/upload/vod/20250813-1/6cd9b489bcf9469150ee433f82cd05b1.jpg","亚洲有码VENZ038性欲強めの人妻がお色気むんむんベロキス誘惑よだれダラダラ濃密フェラでデカチン爆勃ち大量射精"
"VENZ040フライト前はムラムラ限界ねっとり甘い接吻で中出し誘導する人妻キャビンアテンダント世界中のVI","https://v5.slv525627.com/20250812/gJeFJwCk/index.m3u8","https://sl.lale25725.com/upload/vod/20250813-1/f78ca0ce416d24bb9d04d538828791b8.jpg","亚洲有码VENZ040フライト前はムラムラ限界ねっとり甘い接吻で中出し誘導する人妻キャビンアテンダント世界中のVI"
"VEC685毎日オナニーする隣のエロい人妻に我慢の限界―。理性が吹き飛び欲情が止まらない濃密エクスタシー性交","https://v5.slv525627.com/20250812/tnJjGUv8/index.m3u8","https://sl.lale25725.com/upload/vod/20250813-1/5c303293af715883ec4a6f86696b2143.jpg","亚洲有码VEC685毎日オナニーする隣のエロい人妻に我慢の限界―。理性が吹き飛び欲情が止まらない濃密エクスタシー性交"
"UMSO583出張メンズエステ全身オイルマッサージから中出しセックスまでのフルコース！！VOL.02","https://v5.slv525627.com/20250813/80b5DeJM/index.m3u8","https://sl.lale25725.com/upload/vod/20250813-1/73df59433a17798e1cbb915a02484b80.jpg","口交颜射UMSO583出張メンズエステ全身オイルマッサージから中出しセックスまでのフルコース！！VOL.02"
"UMSO580爆乳女子特有の肩こりの悩みを解決する！？マッサージ店のおっぱいもみほぐし治療！！総集編19人","https://v5.slv525627.com/20250812/tXazXVSs/index.m3u8","https://sl.lale25725.com/upload/vod/20250813-1/5a5da5924af750b3d464abfbc414f211.jpg","巨乳美乳UMSO580爆乳女子特有の肩こりの悩みを解決する！？マッサージ店のおっぱいもみほぐし治療！！総集編19人"
"究极淫女30CM马屌阳具一插倒地挑战极限","https://v5.slv525627.com/20250813/7t7vx7KP/index.m3u8","https://sl.lale25725.com/upload/vod/20250813-1/1c41cc6703530409b3df4857205a8c2d.jpg","91探花究极淫女30CM马屌阳具一插倒地挑战极限"
"井子丰满美女3p","https://v5.slv525627.com/20250813/hvL6FQ7B/index.m3u8","https://sl.lale25725.com/upload/vod/20250813-1/b4ed0a1cc554cbd76f43d5ac11030ebf.jpg","91探花井子丰满美女3p"
"USAG071素人ヌード撮影会に来たモデルさんに突然オナニーをお願いしてみた！！","https://v5.slv525627.com/20250812/FzAskljF/index.m3u8","https://sl.lale25725.com/upload/vod/20250813-1/d02356230cf72be51db227c8963e32ef.jpg","女优系列USAG071素人ヌード撮影会に来たモデルさんに突然オナニーをお願いしてみた！！"
"UMSO581いつも行くレンタルビデオ屋の爆乳店員が隣に引っ越してきた！？「いつもエッチなビデオ借りてる人で","https://v5.slv525627.com/20250812/P3N3FW60/index.m3u8","https://sl.lale25725.com/upload/vod/20250813-1/287f106b056f24a5fb09b6b180eb4374.jpg","巨乳美乳UMSO581いつも行くレンタルビデオ屋の爆乳店員が隣に引っ越してきた！？「いつもエッチなビデオ借りてる人で"
"WA548自動車合宿免許で知り合った…ひと月余り禁欲した人妻の他人棒ハンドリング暴走SEXドキュメンッ","https://v5.slv525627.com/20250812/TbMku4Kq/index.m3u8","https://sl.lale25725.com/upload/vod/20250813-1/188cb6e90178f924651ba79eac9c40a3.jpg","人妻熟女WA548自動車合宿免許で知り合った…ひと月余り禁欲した人妻の他人棒ハンドリング暴走SEXドキュメンッ"
"TPIN089前略幼馴染と私は結婚して夏の田舎で種付け中出し生活を過ごしてます。最高の2人暮らし","https://v5.slv525627.com/20250812/pNlLTtDy/index.m3u8","https://sl.lale25725.com/upload/vod/20250813-1/6d2634d4ade286161842d4d20d672dd4.jpg","女优系列TPIN089前略幼馴染と私は結婚して夏の田舎で種付け中出し生活を過ごしてます。最高の2人暮らし"
"VNDS5219働くオバサンに勃起チ○ポを出してヌキ依頼したら…180分","https://v5.slv525627.com/20250812/LN758IaN/index.m3u8","https://sl.lale25725.com/upload/vod/20250813-1/a27b1628931fdebfcf3de89ae8ae90a7.jpg","女优系列VNDS5219働くオバサンに勃起チ○ポを出してヌキ依頼したら…180分"
"UMSO582無駄なものなど何もない！スリムボディの美女に中出し！厳選9人","https://v5.slv525627.com/20250812/4qu5zYwr/index.m3u8","https://sl.lale25725.com/upload/vod/20250813-1/43a67fd3d4bfb393829a68ca4438d384.jpg","萝莉少女UMSO582無駄なものなど何もない！スリムボディの美女に中出し！厳選9人"
"UMSO584動画で見た「すごく当たる」って評判の美人占い師彼女にしかできないという特別な占術とは！？","https://v5.slv525627.com/20250812/GjYUG8pp/index.m3u8","https://sl.lale25725.com/upload/vod/20250813-1/6c1014b1b0eab12828d32ce38116b72b.jpg","萝莉少女UMSO584動画で見た「すごく当たる」って評判の美人占い師彼女にしかできないという特別な占術とは！？"
"UMSO587不動！！ほぼ揺れないぺちゃぱい騎乗位53人","https://v5.slv525627.com/20250812/GNUcHCQd/index.m3u8","https://sl.lale25725.com/upload/vod/20250813-1/2a6ac318e3c30fe2e1a3b5e4af07486e.jpg","口交颜射UMSO587不動！！ほぼ揺れないぺちゃぱい騎乗位53人"
"TPNS023【美しすぎて脳バク確実】脱いだら目がテンになる全長18cm巨大ペニクリ男の娘【全員ノド奥鬼イラ","https://v5.slv525627.com/20250812/cb7IrUhd/index.m3u8","https://sl.lale25725.com/upload/vod/20250813-1/b441db15e226fe29ab73a8486a39f04c.jpg","日本精品TPNS023【美しすぎて脳バク確実】脱いだら目がテンになる全長18cm巨大ペニクリ男の娘【全員ノド奥鬼イラ"
"UZU022受身な男性様ご優待女性主導性感サービスオイルM性感温泉洗体エステ逆夜●い性感","https://v5.slv525627.com/20250812/KKCwOX7f/index.m3u8","https://sl.lale25725.com/upload/vod/20250813-1/2e33b74cdc058bfef316552247df3a02.jpg","制服丝袜UZU022受身な男性様ご優待女性主導性感サービスオイルM性感温泉洗体エステ逆夜●い性感"
"UMD951裏オプの女王！！3男を確実にイカせる妙技と未体験オプションの数々！！これがリフレ嬢の匠の技だっ！！","https://v5.slv525627.com/20250812/tarpclcA/index.m3u8","https://sl.lale25725.com/upload/vod/20250813-1/33bfddb40f9fcd4a6c15474c6b697196.jpg","多人多PUMD951裏オプの女王！！3男を確実にイカせる妙技と未体験オプションの数々！！これがリフレ嬢の匠の技だっ！！"
"URE120シリーズ累計20万DL！！サークルひとのふんどし原作：ゆきよし真水元ギャルママが急にできた件。","https://v5.slv525627.com/20250812/WZU4e0DU/index.m3u8","https://sl.lale25725.com/upload/vod/20250813-1/f5e97064d87169d1cff5a463f975fb7f.jpg","女优系列URE120シリーズ累計20万DL！！サークルひとのふんどし原作：ゆきよし真水元ギャルママが急にできた件。"
"URKK110サッカー番組で大人気！同じテレビ局で働く幼馴染のキャスターが週刊誌にすっぱ抜かれた！僕が最初に","https://v5.slv525627.com/20250812/8fDkLLlo/index.m3u8","https://sl.lale25725.com/upload/vod/20250813-1/d042f8620430659ae22f08b26179f154.jpg","女优系列URKK110サッカー番組で大人気！同じテレビ局で働く幼馴染のキャスターが週刊誌にすっぱ抜かれた！僕が最初に"
"TPNS022【この子ヤバイ】奇跡の清純美少女は脱いでびっくりデカチン男の娘！！レベチのケツマ●コぱっくり欲","https://v5.slv525627.com/20250812/ovyvGAQC/index.m3u8","https://sl.lale25725.com/upload/vod/20250813-1/f2ab3126e27a5969faeee4e39454d53a.jpg","萝莉少女TPNS022【この子ヤバイ】奇跡の清純美少女は脱いでびっくりデカチン男の娘！！レベチのケツマ●コぱっくり欲"
"TSDS42921【数量限定】storm#大塚びるチェキ付き","https://v5.slv525627.com/20250812/vvKSBH7o/index.m3u8","https://sl.lale25725.com/upload/vod/20250813-1/86ee35eeb2154a94cb33abca5c8e7d03.jpg","恋腿狂魔TSDS42921【数量限定】storm#大塚びるチェキ付き"
"VDD189女教師in…（脅迫スイートルーム）","https://v5.slv525627.com/20250812/pdLhaLoH/index.m3u8","https://sl.lale25725.com/upload/vod/20250813-1/2facea061f78eec51195da1e538659f4.jpg","制服丝袜VDD189女教師in…（脅迫スイートルーム）"
"VTMN014私の一番ヤリたいコト。酔っぱらって思う存分に潮吹いて拘束セックスされたい！","https://v5.slv525627.com/20250812/YDg45128/index.m3u8","https://sl.lale25725.com/upload/vod/20250813-1/0cdec445c86987fab67965b8bec6519b.jpg","日本精品VTMN014私の一番ヤリたいコト。酔っぱらって思う存分に潮吹いて拘束セックスされたい！"
"UZU024いいなり洗脳催●人妻堕チル","https://v5.slv525627.com/20250812/i9XGRWZ9/index.m3u8","https://sl.lale25725.com/upload/vod/20250813-1/185c16a7357a623162c5c2447fa72421.jpg","人妻熟女UZU024いいなり洗脳催●人妻堕チル"
"UTA098匂いフェチオナニー","https://v5.slv525627.com/20250812/bzcgQ2ZT/index.m3u8","https://sl.lale25725.com/upload/vod/20250813-1/41bb8c73f7e831d02da791e535b4804b.jpg","亚洲有码UTA098匂いフェチオナニー"
"VENZ039超絶スケベな叔母さんが甥の巨根に発情して腰振り騎乗位最高のアヘ顔晒す口淫フェラ大人の玩具で","https://v5.slv525627.com/20250812/a0jQ7ICb/index.m3u8","https://sl.lale25725.com/upload/vod/20250813-1/cab17e1136d1faa0b30f65b09bba827f.jpg","强奸乱伦VENZ039超絶スケベな叔母さんが甥の巨根に発情して腰振り騎乗位最高のアヘ顔晒す口淫フェラ大人の玩具で"
"TPPN258またがりハメ尻アングル連続中出しデカ●ンを咥え込む抜き差しバッチリ！小悪魔のベロチュー汗だくセックス","https://v5.slv525627.com/20250812/KRI9Y6pu/index.m3u8","https://sl.lale25725.com/upload/vod/20250813-1/a30d2d50c4991f625218ca55875b94a8.jpg","欺辱凌辱TPPN258またがりハメ尻アングル連続中出しデカ●ンを咥え込む抜き差しバッチリ！小悪魔のベロチュー汗だくセックス"
"VNDS3420もてあました身体パート主婦と閉店後の下衆不倫","https://v5.slv525627.com/20250812/aDT625xP/index.m3u8","https://sl.lale25725.com/upload/vod/20250813-1/384ebd9a869b2029e59acf3ff3aa0037.jpg","日本精品VNDS3420もてあました身体パート主婦と閉店後の下衆不倫"
"TUE157女子校生だけを狙った尾行押込みレ●プ映像","https://v5.slv525627.com/20250812/LUg4IrR2/index.m3u8","https://sl.lale25725.com/upload/vod/20250813-1/cbb0ded959567328e76ae217f22ab513.jpg","制服丝袜TUE157女子校生だけを狙った尾行押込みレ●プ映像"
"UMD948SNSでバズった温泉宿の看板娘は巨乳美人姉妹！！","https://v5.slv525627.com/20250812/9areEe8s/index.m3u8","https://sl.lale25725.com/upload/vod/20250813-1/fa76dba0b0d5963ade313f78aa00215d.jpg","巨乳美乳UMD948SNSでバズった温泉宿の看板娘は巨乳美人姉妹！！"
"VEC682無理やり抱かれたセックスが忘れられなくて浮気の沼に魅せられた人妻","https://v5.slv525627.com/20250812/XJfrMGkO/index.m3u8","https://sl.lale25725.com/upload/vod/20250813-1/b3f837e02c0463bd5f85058fa7d7211c.jpg","风情旗袍VEC682無理やり抱かれたセックスが忘れられなくて浮気の沼に魅せられた人妻"
"VENZ044見知らぬ相手だから淫らになれるマッチングアプリ妻男臭い無洗チ●ポ激舐めフェラチオ24時間オ","https://v5.slv525627.com/20250812/p85Cjz63/index.m3u8","https://sl.lale25725.com/upload/vod/20250813-1/bc0d5df29494fd6c5039a21d9a1e32e9.jpg","亚洲有码VENZ044見知らぬ相手だから淫らになれるマッチングアプリ妻男臭い無洗チ●ポ激舐めフェラチオ24時間オ"
"UFD076白衣の天使と性交","https://v5.slv525627.com/20250812/iBWszKQA/index.m3u8","https://sl.lale25725.com/upload/vod/20250813-1/403c2d8cd46b09ac180eb72d60d52bcd.jpg","闷骚护士UFD076白衣の天使と性交"
"VTMN015私の一番ヤリたいコト。パーリーピーポー柊ゆうき！お酒たっぷりアゲアゲ騎乗位ヤリマン中出し撮影","https://v5.slv525627.com/20250812/DsA8raah/index.m3u8","https://sl.lale25725.com/upload/vod/20250813-1/2ef3759c2bf9fd5f103152db325ca264.jpg","日本精品VTMN015私の一番ヤリたいコト。パーリーピーポー柊ゆうき！お酒たっぷりアゲアゲ騎乗位ヤリマン中出し撮影"
"VDD190受付嬢in…（脅迫スイートルーム）","https://v5.slv525627.com/20250812/lXy6sA0L/index.m3u8","https://sl.lale25725.com/upload/vod/20250813-1/d2ca78d18c3cd4ad721dd06c45938533.jpg","日本精品VDD190受付嬢in…（脅迫スイートルーム）"
"VOD034素人男性食べちゃいました―。足立友梨が恋人気分で中出しセックスドキュメント","https://v5.slv525627.com/20250812/yY7sCxUu/index.m3u8","https://sl.lale25725.com/upload/vod/20250813-1/c50ffdd1372cd75b804c0ae4d49c16db.jpg","亚洲有码VOD034素人男性食べちゃいました―。足立友梨が恋人気分で中出しセックスドキュメント"
"UMD950入院生活が長過ぎておばさん看護師の透けパン尻でも余裕で勃起してしまう僕8","https://v5.slv525627.com/20250812/dPM4cDuw/index.m3u8","https://sl.lale25725.com/upload/vod/20250813-1/73119b268113266815e85cedea1990fa.jpg","闷骚护士UMD950入院生活が長過ぎておばさん看護師の透けパン尻でも余裕で勃起してしまう僕8"
"VENX308心は家族でも体は他人の微妙な関係―。過ちが起こらないはずがない義理の母親と二人だけの1週間","https://v5.slv525627.com/20250812/G5gShVAv/index.m3u8","https://sl.lale25725.com/upload/vod/20250813-1/96345ba92dcc29b21b10c3485d496e56.jpg","强奸乱伦VENX308心は家族でも体は他人の微妙な関係―。過ちが起こらないはずがない義理の母親と二人だけの1週間"
"VNDS3422スナックママの美の秘訣六十路の精子ハンター","https://v5.slv525627.com/20250812/CZBaykMK/index.m3u8","https://sl.lale25725.com/upload/vod/20250813-1/aeb80852a003d2324a4d2997eda0222d.jpg","亚洲有码VNDS3422スナックママの美の秘訣六十路の精子ハンター"
"VENZ047見知らぬ相手だから淫らになれるマッチングアプリ妻男臭い無洗チ●ポ激舐めフェラチオ24時間オ","https://v5.slv525627.com/20250812/VuoGLp5K/index.m3u8","https://sl.lale25725.com/upload/vod/20250813-1/7108ef13e4130e9d09c9f066e95d20ac.jpg","风情旗袍VENZ047見知らぬ相手だから淫らになれるマッチングアプリ妻男臭い無洗チ●ポ激舐めフェラチオ24時間オ"
"VENZ041昼ランチで行く会社近くのカフェで働くパート妻はエロ女神美味しそうに咥えるザーメン大好きフェラ","https://v5.slv525627.com/20250812/3DSB9gE0/index.m3u8","https://sl.lale25725.com/upload/vod/20250813-1/fb8c1f4c4d8bc58ccc57d691c27f38ce.jpg","制服丝袜VENZ041昼ランチで行く会社近くのカフェで働くパート妻はエロ女神美味しそうに咥えるザーメン大好きフェラ"
"UMD949近所の欲求不満な発情妻に勃起●を飲まされて、いきなりしゃぶられて2回連続で発射させられて、中出し","https://v5.slv525627.com/20250812/rfXCHeuj/index.m3u8","https://sl.lale25725.com/upload/vod/20250813-1/00655c97325178c94b04e61b7e3da277.jpg","人妻熟女UMD949近所の欲求不満な発情妻に勃起●を飲まされて、いきなりしゃぶられて2回連続で発射させられて、中出し"
"VIO061教師×生徒舐め合いレズビアン","https://v5.slv525627.com/20250812/W5tVEqrB/index.m3u8","https://sl.lale25725.com/upload/vod/20250813-1/2becfb89a0744868390608ed7ae8296b.jpg","欺辱凌辱VIO061教師×生徒舐め合いレズビアン"
"VENX306エンドレス乳首攻めでおっぱいがクソ気持ち良くなった母親は息子の中出しを拒めない","https://v5.slv525627.com/20250812/9NELyZV7/index.m3u8","https://sl.lale25725.com/upload/vod/20250813-1/5d286fc6eea0658d5de184d47d25cf58.jpg","巨乳美乳VENX306エンドレス乳首攻めでおっぱいがクソ気持ち良くなった母親は息子の中出しを拒めない"
"VENZ046性欲強めの人妻がお色気むんむんベロキス誘惑よだれダラダラ濃密フェラでデカチン爆勃ち大量射精","https://v5.slv525627.com/20250812/HxI0NO0G/index.m3u8","https://sl.lale25725.com/upload/vod/20250813-1/16d834cc7c1e047588af43e905891f2d.jpg","亚洲有码VENZ046性欲強めの人妻がお色気むんむんベロキス誘惑よだれダラダラ濃密フェラでデカチン爆勃ち大量射精"
"VEC686打ち上げ飲み会帰り相部屋NTR旦那の愚痴を聞いてくれる優しいバイト君（隠れヤリチン）と私（夫は","https://v5.slv525627.com/20250812/S76VW9k7/index.m3u8","https://sl.lale25725.com/upload/vod/20250813-1/3606bc6e714a82a6575b1d881f5b3387.jpg","亚洲有码VEC686打ち上げ飲み会帰り相部屋NTR旦那の愚痴を聞いてくれる優しいバイト君（隠れヤリチン）と私（夫は"
"VENX311エンドレス乳首攻めでおっぱいがクソ気持ち良くなった母親は息子の中出しを拒めない","https://v5.slv525627.com/20250812/80f5KitP/index.m3u8","https://sl.lale25725.com/upload/vod/20250813-1/d5bc8276b64ea8eb50dbbfa876723f21.jpg","巨乳美乳VENX311エンドレス乳首攻めでおっぱいがクソ気持ち良くなった母親は息子の中出しを拒めない"
"VENX309「おばさんの下着で興奮するの？」脱ぎたてのパンティで甥っ子の精子を一滴残らず搾りとる叔母","https://v5.slv525627.com/20250812/MJOf5CxI/index.m3u8","https://sl.lale25725.com/upload/vod/20250813-1/5b900b20cd704a609a24aa331d3de80d.jpg","强奸乱伦VENX309「おばさんの下着で興奮するの？」脱ぎたてのパンティで甥っ子の精子を一滴残らず搾りとる叔母"
"VEC683バイト先で働く美しい人妻を家に連れ込み中出しセックス","https://v5.slv525627.com/20250812/GFjX3Fgf/index.m3u8","https://sl.lale25725.com/upload/vod/20250813-1/a6f67d15c970c7a90641676dab1f25fa.jpg","亚洲有码VEC683バイト先で働く美しい人妻を家に連れ込み中出しセックス"
"VENX312お、お義父さんやめて下さい（汗）私の入浴中、勝手にお風呂に入ってくるのは…ッ！！","https://v5.slv525627.com/20250812/9IUAy7S9/index.m3u8","https://sl.lale25725.com/upload/vod/20250813-1/f161f3ccfd88b3ece52348df32077dde.jpg","亚洲有码VENX312お、お義父さんやめて下さい（汗）私の入浴中、勝手にお風呂に入ってくるのは…ッ！！"
"VENZ042ヤリたいオーラ全開でぐいぐい攻めてくる人妻美容師シャンプー同様に丁寧で気持ち良いねっとりフェ","https://v5.slv525627.com/20250812/BwI8URs8/index.m3u8","https://sl.lale25725.com/upload/vod/20250813-1/5fa2bef133722c84674fa48b950e1249.jpg","闷骚护士VENZ042ヤリたいオーラ全開でぐいぐい攻めてくる人妻美容師シャンプー同様に丁寧で気持ち良いねっとりフェ"
"VENZ043酔うとキス魔になって滅茶苦茶エロい美人秘書しゃぶったら射精するまで離さない口マ●コ欲情した","https://v5.slv525627.com/20250812/BMAZjd1R/index.m3u8","https://sl.lale25725.com/upload/vod/20250813-1/07dc66f06992b139e7de411d226ea8a3.jpg","亚洲有码VENZ043酔うとキス魔になって滅茶苦茶エロい美人秘書しゃぶったら射精するまで離さない口マ●コ欲情した"
"酒店绿叶森林房摄像头偷拍","https://v5.slv525627.com/20250813/PY0kWI8S/index.m3u8","https://sl.lale25725.com/upload/vod/20250813-1/5bbd79fd748cac5f3fa74500eb42b76d.jpg","自拍偷拍酒店绿叶森林房摄像头偷拍"
"巨根小太阳很久没这么爽过好会干","https://v5.slv525627.com/20250813/4KR9CvTl/index.m3u8","https://sl.lale25725.com/upload/vod/20250813-1/d1b1b6929e50f475b706d410cc6a1525.jpg","台湾辣妹巨根小太阳很久没这么爽过好会干"
"居家监控夫妻大清早操","https://v5.slv525627.com/20250813/qYuN1tf4/index.m3u8","https://sl.lale25725.com/upload/vod/20250813-1/8856ae3540841708a8492644262cc466.jpg","网曝门居家监控夫妻大清早操"
"酒店狂干大奶子汉服表妹像波浪一样的胸一看就是纯天然大奶","https://v5.slv525627.com/20250813/DJHpQiaa/index.m3u8","https://sl.lale25725.com/upload/vod/20250813-1/280c2729c1913ba1c07b99bcb45223f5.jpg","唯美港姐酒店狂干大奶子汉服表妹像波浪一样的胸一看就是纯天然大奶"
"居家摄像头偷录风韵少妇大白天的和老公啪啪啪","https://v5.slv525627.com/20250813/31wzjXrx/index.m3u8","https://sl.lale25725.com/upload/vod/20250813-1/bd22d8e8663f4dc4d1104fdd88ae49e3.jpg","素人自拍居家摄像头偷录风韵少妇大白天的和老公啪啪啪"
"酒店4P大淫乱颜射颜射女神2男2女淫乱酒店拔套体射_","https://v5.slv525627.com/20250813/PrqWPDcr/index.m3u8","https://sl.lale25725.com/upload/vod/20250813-1/504ae80978b0fe06571c4675556d0ae0.jpg","多人多P酒店4P大淫乱颜射颜射女神2男2女淫乱酒店拔套体射_"
"欲求不满的辣妹.","https://v5.slv525627.com/20250813/rs7afo2q/index.m3u8","https://sl.lale25725.com/upload/vod/20250813-1/6e40e30732f0b66ce9609dc4ec882027.jpg","女同性恋欲求不满的辣妹."
"玖九清纯可爱5","https://v5.slv525627.com/20250813/wmBDsjFN/index.m3u8","https://sl.lale25725.com/upload/vod/20250813-1/29a18b0bd6e13d04e917460e4172b184.jpg","网红流出玖九清纯可爱5"
"酒店摄像头流出夫妻旅游与小三约炮女上位很会摇","https://v5.slv525627.com/20250813/DqMRHyxt/index.m3u8","https://sl.lale25725.com/upload/vod/20250813-1/19e43133acc57914d8275ee26759e394.jpg","自拍偷拍酒店摄像头流出夫妻旅游与小三约炮女上位很会摇"
"酒店激战眼镜0帅攻爆操无套内射","https://v5.slv525627.com/20250813/hgC8snsj/index.m3u8","https://sl.lale25725.com/upload/vod/20250813-1/7493205c25dc302b8f686f820b0f9866.jpg","91探花酒店激战眼镜0帅攻爆操无套内射"
"酒店安防摄像头新台解密高清偷拍","https://v5.slv525627.com/20250813/NGEIGe9B/index.m3u8","https://sl.lale25725.com/upload/vod/20250813-1/d013829370f5f00d1863c9d498f1675d.jpg","91探花酒店安防摄像头新台解密高清偷拍"
"3D原神AKT萌萌的柯莱被骑乘后入内射在里面","https://v5.slv525627.com/20250813/Z5yl01An/index.m3u8","https://sl.lale25725.com/upload/vod/20250813-1/ce21363568bfa26613ab226c8f9511a5.jpg","成人动漫3D原神AKT萌萌的柯莱被骑乘后入内射在里面"
"酒吧带回来喝的微醺的小妖精大奶子酷酷的小姐姐","https://v5.slv525627.com/20250813/ijWgWue9/index.m3u8","https://sl.lale25725.com/upload/vod/20250813-1/6cff3bdc33f2a5adfce030973d269f4b.jpg","兽耳系列酒吧带回来喝的微醺的小妖精大奶子酷酷的小姐姐"
"TNIK014肉詰め盛り合わせ！肉欲大乱交！無限クリトリス拘束拷問","https://v5.slv525627.com/20250813/izDBthw3/index.m3u8","https://sl.lale25725.com/upload/vod/20250813-1/a1cd4eaf7ea5f6fca10a419ed5bfe082.jpg","口交颜射TNIK014肉詰め盛り合わせ！肉欲大乱交！無限クリトリス拘束拷問"
"酒店里面美少妇一个独自居住露脸全裸自慰吊钟白皙大奶子","https://v5.slv525627.com/20250813/fwLDiRta/index.m3u8","https://sl.lale25725.com/upload/vod/20250813-1/58b4cb0fe2ba3caa7feb34ed7a0a86b2.jpg","唯美港姐酒店里面美少妇一个独自居住露脸全裸自慰吊钟白皙大奶子"
"就爱开坦克-男主出征黑丝肉感肥臀大奶良家妹子","https://v5.slv525627.com/20250813/QWJyzIFF/index.m3u8","https://sl.lale25725.com/upload/vod/20250813-1/37b6353fea4b60dcf28d5e8a4da2a807.jpg","Cosplay就爱开坦克-男主出征黑丝肉感肥臀大奶良家妹子"
"玖九清纯可爱1","https://v5.slv525627.com/20250813/FWbuZGqx/index.m3u8","https://sl.lale25725.com/upload/vod/20250813-1/cbcc280b8c9d382d20c1affe66615011.jpg","网红流出玖九清纯可爱1"
"玖九清纯可爱6","https://v5.slv525627.com/20250813/7WWrbS7F/index.m3u8","https://sl.lale25725.com/upload/vod/20250813-1/743319d2d9e09e3cf6caabf78eba93df.jpg","网红流出玖九清纯可爱6"
"WA546素人妻ナンパ全員生中出し5時間セレブDX97","https://v5.slv525627.com/20250813/sGnECAts/index.m3u8","https://sl.lale25725.com/upload/vod/20250813-1/61b2613b356b443aa84c4f391fa03179.jpg","人妻熟女WA546素人妻ナンパ全員生中出し5時間セレブDX97"
"精致痞帅反差发情真空飞机杯包裹肉棒榨干精液","https://v5.slv525627.com/20250813/pRT2rYbE/index.m3u8","https://sl.lale25725.com/upload/vod/20250813-1/135f2f5399548e5bac407fbbf5581781.jpg","网曝门精致痞帅反差发情真空飞机杯包裹肉棒榨干精液"
"九分颜值特骚女神美腿网袜吃鸡_","https://v5.slv525627.com/20250813/zd8tkHKf/index.m3u8","https://sl.lale25725.com/upload/vod/20250813-1/8d2edd82ba907ed801a1ebbe5784567a.jpg","91探花九分颜值特骚女神美腿网袜吃鸡_"
"敬业姨妈期两表妹6-1","https://v5.slv525627.com/20250813/qR39Jp9v/index.m3u8","https://sl.lale25725.com/upload/vod/20250813-1/a9e1470caaee5af118a730e6f71f0810.jpg","网曝门敬业姨妈期两表妹6-1"
"UMSO585むっちり柔肌に喰い込む！網タイツ美女11人","https://v5.slv525627.com/20250812/5WYxdAFf/index.m3u8","https://sl.lale25725.com/upload/vod/20250813-1/001147506bf35b436895259cdc6a823e.jpg","萝莉少女UMSO585むっちり柔肌に喰い込む！網タイツ美女11人"
"九头身172CM高挑大长腿东北女神","https://v5.slv525627.com/20250813/BqUdcP1f/index.m3u8","https://sl.lale25725.com/upload/vod/20250813-1/7a50c11ce23ba4778cf38aeb9effe54f.jpg","91探花九头身172CM高挑大长腿东北女神"
"警花张津瑜被吕总玩弄后爆出露骨聊天记录视频过程十分淫荡与平时端庄的样子十分反差完整版","https://v5.slv525627.com/20250813/L7OynOTH/index.m3u8","https://sl.lale25725.com/upload/vod/20250813-1/89306e0562d78b2d30125b714169154d.jpg","网曝门警花张津瑜被吕总玩弄后爆出露骨聊天记录视频过程十分淫荡与平时端庄的样子十分反差完整版"
"UMSO586密室リアル可愛い笑顔で生ハメ性交を求めてくる！美少女ハメ撮り11人","https://v5.slv525627.com/20250812/Ko3gerkC/index.m3u8","https://sl.lale25725.com/upload/vod/20250813-1/cf512ac7a378b91d293d09bf83143be6.jpg","萝莉少女UMSO586密室リアル可愛い笑顔で生ハメ性交を求めてくる！美少女ハメ撮り11人"
"巨根爆肛","https://v5.slv525627.com/20250813/yUvc9TOv/index.m3u8","https://sl.lale25725.com/upload/vod/20250813-1/41fa7030404e375284651c4cc57bcf87.jpg","台湾辣妹巨根爆肛"
"酒吧气氛组女主和两个闺蜜一起直播一个啪啪真精彩","https://v5.slv525627.com/20250813/gtXDrEU3/index.m3u8","https://sl.lale25725.com/upload/vod/20250813-1/f1f0dcd87d950018cc1f6c5199b99b78.jpg","主播直播酒吧气氛组女主和两个闺蜜一起直播一个啪啪真精彩"
"酒店黑皮三人行","https://v5.slv525627.com/20250813/lwecve7h/index.m3u8","https://sl.lale25725.com/upload/vod/20250813-1/e72ded81ad2cdd4060aa13941d70a5c5.jpg","91探花酒店黑皮三人行"
"SKMJ604めちゃくちゃシコれる卑猥なドスケベ肉感体位で大量中出しされビクイキ連発する可愛い素人娘15人","https://v5.slv525627.com/20250812/T1ItVzBf/index.m3u8","https://sl.lale25725.com/upload/vod/20250812-1/d223af7aa33008be842a2dc20a527eb0.jpg","口交颜射SKMJ604めちゃくちゃシコれる卑猥なドスケベ肉感体位で大量中出しされビクイキ連発する可愛い素人娘15人"
"SONE642好き好き好き好き好きだ～い好き河北彩伽が貴方のチ●ポ溺愛していつも最高射精のために全身全霊で","https://v5.slv525627.com/20250812/Iyil0G2s/index.m3u8","https://sl.lale25725.com/upload/vod/20250812-1/df0cf3c26457b9463739562252a77bdc.jpg","女优系列SONE642好き好き好き好き好きだ～い好き河北彩伽が貴方のチ●ポ溺愛していつも最高射精のために全身全霊で"
"精品厕拍高清后景4","https://v5.slv525627.com/20250812/GksMLD2t/index.m3u8","https://sl.lale25725.com/upload/vod/20250812-1/3fc2048e7d674b4195b9a20270a607d1.jpg","91探花精品厕拍高清后景4"
"SONE586金松季歩と人生最高の射精体験へULTRAVIPGRAVURE風俗10with4K","https://v5.slv525627.com/20250812/6KUWRNYa/index.m3u8","https://sl.lale25725.com/upload/vod/20250812-1/ebf95640b106c967aa65ad4d7956efc6.jpg","口交颜射SONE586金松季歩と人生最高の射精体験へULTRAVIPGRAVURE風俗10with4K"
"SODS071紗倉まなデビュー13周年記念特別ベスト9時間25分みんなが選んだ究極の13作品、至極の13","https://v5.slv525627.com/20250812/jG5qXWKe/index.m3u8","https://sl.lale25725.com/upload/vod/20250812-1/816312683a2114c25949796429aefe08.jpg","口交颜射SODS071紗倉まなデビュー13周年記念特別ベスト9時間25分みんなが選んだ究極の13作品、至極の13"
"精品JVID私拍茶理茶艺姬全裸束缚M腿尽情玩弄湿嫩蜜穴强制高潮","https://v5.slv525627.com/20250812/TUmixrlf/index.m3u8","https://sl.lale25725.com/upload/vod/20250812-1/9853b89190aa2547d1f37518a55da83c.jpg","古装扮演精品JVID私拍茶理茶艺姬全裸束缚M腿尽情玩弄湿嫩蜜穴强制高潮"
"精牛的世界我不懂","https://v5.slv525627.com/20250812/UsGQlGUN/index.m3u8","https://sl.lale25725.com/upload/vod/20250812-1/feae0eedd4d4899ad7be490e6c160420.jpg","91探花精牛的世界我不懂"
"SONE537アナタ史上最高の射精体験のために榊原萌の全力シコシコサポート10変化4時間スペシャル","https://v5.slv525627.com/20250812/txQQT0N3/index.m3u8","https://sl.lale25725.com/upload/vod/20250812-1/95ebc10431bb106f076dd0c9d1f3f82c.jpg","口交颜射SONE537アナタ史上最高の射精体験のために榊原萌の全力シコシコサポート10変化4時間スペシャル"
"精品厕拍空姐机场厕拍丝制高跟气质美女","https://v5.slv525627.com/20250812/JHai1StN/index.m3u8","https://sl.lale25725.com/upload/vod/20250812-1/37bf545e6d8e374280c602d6b8e8f09c.jpg","91探花精品厕拍空姐机场厕拍丝制高跟气质美女"
"姐妹花互舔互慰","https://v5.slv525627.com/20250812/lP40IoKJ/index.m3u8","https://sl.lale25725.com/upload/vod/20250812-1/267f35e77a54262ffa3150b291c4dc19.jpg","瑜伽裤姐妹花互舔互慰"
"精牛游戏看到大肉棒爱不释手脱掉裤子直接坐奸吸干精液","https://v5.slv525627.com/20250812/qvMSySVP/index.m3u8","https://sl.lale25725.com/upload/vod/20250812-1/96de698e86eb7ea11672ece487b658c8.jpg","91探花精牛游戏看到大肉棒爱不释手脱掉裤子直接坐奸吸干精液"
"精品厕拍前后景最新电子厂","https://v5.slv525627.com/20250812/qGvKoIWD/index.m3u8","https://sl.lale25725.com/upload/vod/20250812-1/f0b0d37102fb8693240bf1455f4b0b87.jpg","自拍偷拍精品厕拍前后景最新电子厂"
"SONE651自分より弱そうな立場の人間を見ると…襲いたくなるんだ…。「ヤメて」が言えない子供な友達の妹にメ","https://v5.slv525627.com/20250812/7eILVujG/index.m3u8","https://sl.lale25725.com/upload/vod/20250812-1/1e248e5233356c995e20a5bc5f48c62a.jpg","日本精品SONE651自分より弱そうな立場の人間を見ると…襲いたくなるんだ…。「ヤメて」が言えない子供な友達の妹にメ"
"姐妹花大白天户外亭子里极致露出大奶子粉嫩逼真大胆","https://v5.slv525627.com/20250812/J7nkpHry/index.m3u8","https://sl.lale25725.com/upload/vod/20250812-1/96a1ca70ee2e842b5e085ead1e0e10de.jpg","野外露出姐妹花大白天户外亭子里极致露出大奶子粉嫩逼真大胆"
"SONE572彼女がすぐ側にいるのに…こっそりシコってくる隠れヌキヌキお姉さん（彼女の姉#めちゃ美人#淫語","https://v5.slv525627.com/20250812/8ywEWpTe/index.m3u8","https://sl.lale25725.com/upload/vod/20250812-1/a46be7e5ce8773b0b85266b4da2a6f5e.jpg","强奸乱伦SONE572彼女がすぐ側にいるのに…こっそりシコってくる隠れヌキヌキお姉さん（彼女の姉#めちゃ美人#淫語"
"SONE584毎朝見かける優しそうなたぬき顔J●を我慢できずにメチャクチャ痴漢してやったら…彼氏よりも俺のテ","https://v5.slv525627.com/20250812/YqthzNmw/index.m3u8","https://sl.lale25725.com/upload/vod/20250812-1/d4286026b5d0466649b2be53a50075ed.jpg","恋腿狂魔SONE584毎朝見かける優しそうなたぬき顔J●を我慢できずにメチャクチャ痴漢してやったら…彼氏よりも俺のテ"
"SONE597布団の中で患者には逆らわない従順ナースさんに射精まで世話させた。","https://v5.slv525627.com/20250812/ocpRlGU4/index.m3u8","https://sl.lale25725.com/upload/vod/20250812-1/5693419837851fc49078cc83bc8dee30.jpg","闷骚护士SONE597布団の中で患者には逆らわない従順ナースさんに射精まで世話させた。"
"SONE613ロケ先で軽蔑している中年セクハラプロデューサーとまさか相部屋に…朝まで続く絶倫性交に不覚にも","https://v5.slv525627.com/20250812/QTR4jZYZ/index.m3u8","https://sl.lale25725.com/upload/vod/20250812-1/94ad25f96fc651296fe6d3e9067a9f1a.jpg","日本精品SONE613ロケ先で軽蔑している中年セクハラプロデューサーとまさか相部屋に…朝まで続く絶倫性交に不覚にも"
"姐妹俩倒霉的一天","https://v5.slv525627.com/20250812/q4LLgucG/index.m3u8","https://sl.lale25725.com/upload/vod/20250812-1/a4b9f738377c4166f94457e1a92bf688.jpg","自拍偷拍姐妹俩倒霉的一天"
"SODS070【初撮り】もぎたて素人総集編街行くフレッシュなZ世代女子の恥ずかしエッチな初撮り12作品","https://v5.slv525627.com/20250812/kXOYEr5c/index.m3u8","https://sl.lale25725.com/upload/vod/20250812-1/8372f49e388037deae34bffa885140c3.jpg","萝莉少女SODS070【初撮り】もぎたて素人総集編街行くフレッシュなZ世代女子の恥ずかしエッチな初撮り12作品"
"SKMJ602産後処女のご無沙汰ベビーカー妻が挑戦！AV男優の凄テク我慢出来たら賞金100万円！イったら即ズ","https://v5.slv525627.com/20250812/E16r37Xb/index.m3u8","https://sl.lale25725.com/upload/vod/20250812-1/4f8589ca7a73d6a1a8028f61e4572e00.jpg","人妻熟女SKMJ602産後処女のご無沙汰ベビーカー妻が挑戦！AV男優の凄テク我慢出来たら賞金100万円！イったら即ズ"
"SKMJ600熱海で見つけた素人お嬢さん！温泉野球拳対決してみませんか！？勝てば賞金100万円ww負ければ罰","https://v5.slv525627.com/20250812/rEKZqWCF/index.m3u8","https://sl.lale25725.com/upload/vod/20250812-1/2066ca54ca6680ffd190d61e784b04f4.jpg","女优系列SKMJ600熱海で見つけた素人お嬢さん！温泉野球拳対決してみませんか！？勝てば賞金100万円ww負ければ罰"
"精品泄密反差婊良家出境2","https://v5.slv525627.com/20250812/tbSWaBV9/index.m3u8","https://sl.lale25725.com/upload/vod/20250812-1/8424bd6c77143887d855389d01904351.jpg","自拍偷拍精品泄密反差婊良家出境2"
"SKMJ603現役キャビンアテンダントの皆さん！童貞君の筆おろし「おもてなし」してくれませんか？素股という言","https://v5.slv525627.com/20250812/6rBHuNa6/index.m3u8","https://sl.lale25725.com/upload/vod/20250812-1/50fdeaeca080330c58f919457f8e1c56.jpg","女优系列SKMJ603現役キャビンアテンダントの皆さん！童貞君の筆おろし「おもてなし」してくれませんか？素股という言"
"SONE596汗くさい童貞チ●ポを喜んでヌキヌキサポートしてくれる世界一優しい陰部ケアマネージャー","https://v5.slv525627.com/20250812/39yASoFk/index.m3u8","https://sl.lale25725.com/upload/vod/20250812-1/feba4e4e3039c97b09ef07377bafce39.jpg","恋腿狂魔SONE596汗くさい童貞チ●ポを喜んでヌキヌキサポートしてくれる世界一優しい陰部ケアマネージャー"
"SONE641就職した水着メーカーは女性社員が水着姿の世界。勃起してもKカップの教育担当·鷲尾さんが抜いてく","https://v5.slv525627.com/20250811/PoJvExal/index.m3u8","https://sl.lale25725.com/upload/vod/20250812-1/b7fd3a1a5a389ee2354dbc824a04b1f9.jpg","制服丝袜SONE641就職した水着メーカーは女性社員が水着姿の世界。勃起してもKカップの教育担当·鷲尾さんが抜いてく"
"SOAV122人妻の浮気心","https://v5.slv525627.com/20250811/YbW8D7hQ/index.m3u8","https://sl.lale25725.com/upload/vod/20250812-1/f6e111ef75681621b46203d7578830dd.jpg","人妻熟女SOAV122人妻の浮気心"
"SORA586強制クスリ漬け教え子の巨乳マセガキJ系を拉致！過剰摂取でガンギマリSEX依存首締め鬼イラマ","https://v5.slv525627.com/20250811/SApAm3Dc/index.m3u8","https://sl.lale25725.com/upload/vod/20250812-1/a152ded957608301a3db9bcac26d20af.jpg","巨乳美乳SORA586強制クスリ漬け教え子の巨乳マセガキJ系を拉致！過剰摂取でガンギマリSEX依存首締め鬼イラマ"
"SONE604親戚おじさんの家に預けられた10代の私は気持ち悪いと思いながらカラダを舐められハメられていました。","https://v5.slv525627.com/20250811/ghlpZnTv/index.m3u8","https://sl.lale25725.com/upload/vod/20250812-1/3d7a08b922a34f4165d8c833c1c25851.jpg","亚洲有码SONE604親戚おじさんの家に預けられた10代の私は気持ち悪いと思いながらカラダを舐められハメられていました。"
"SPE005万引きスーパーの人妻たち●破壊力抜群な超乳超尻妻●勝ち気だけどドMな敏感妻●敏感すぎるス","https://v5.slv525627.com/20250811/M6XVu3AV/index.m3u8","https://sl.lale25725.com/upload/vod/20250812-1/1e71221995b8a75f35cae348ddf73d38.jpg","巨乳美乳SPE005万引きスーパーの人妻たち●破壊力抜群な超乳超尻妻●勝ち気だけどドMな敏感妻●敏感すぎるス"
"SONE606娘ほど歳の離れた従順で、色白で、肌がキレイな女子大生とひたすらに快楽を求め合う言いなり不倫旅行","https://v5.slv525627.com/20250811/BA3wNnjR/index.m3u8","https://sl.lale25725.com/upload/vod/20250812-1/b6df6fe0d88107424c0942b9750030c1.jpg","亚洲有码SONE606娘ほど歳の離れた従順で、色白で、肌がキレイな女子大生とひたすらに快楽を求め合う言いなり不倫旅行"
"SONE580このおっとり天然ナースは、チ●ポがバグるほど舐めて連射させてじゅぼじゅぼフェラチオやめたくない。","https://v5.slv525627.com/20250811/s35Yqakl/index.m3u8","https://sl.lale25725.com/upload/vod/20250812-1/80458f04577d16ff4d71a680bdc340d8.jpg","亚洲有码SONE580このおっとり天然ナースは、チ●ポがバグるほど舐めて連射させてじゅぼじゅぼフェラチオやめたくない。"
"SONE611無邪気なのにスッゴくエッチたくさんはしゃいで、えっちする。昼は無邪気で夜は妖艶─ショートカッ","https://v5.slv525627.com/20250811/5rGiMIQU/index.m3u8","https://sl.lale25725.com/upload/vod/20250812-1/906f14a9121bb73be3a8522839f4430b.jpg","亚洲有码SONE611無邪気なのにスッゴくエッチたくさんはしゃいで、えっちする。昼は無邪気で夜は妖艶─ショートカッ"
"SOAN113寝取らせアナル承諾娘を思い家畜アナルに成り果てた母今夜2穴改良してきます…畜産農家主婦·前","https://v5.slv525627.com/20250811/hdqqbcdn/index.m3u8","https://sl.lale25725.com/upload/vod/20250812-1/b97e8a274c4c9e570cc15384881f1422.jpg","强奸乱伦SOAN113寝取らせアナル承諾娘を思い家畜アナルに成り果てた母今夜2穴改良してきます…畜産農家主婦·前"
"SONE556セックスもオナニーも完全ガチ禁止！1か月間の我慢の後のムラムラ全開ヌレヌレ敏感の肉体で味わうと","https://v5.slv525627.com/20250811/B6dL59QF/index.m3u8","https://sl.lale25725.com/upload/vod/20250812-1/486112a025d96d420832b70d6991c4be.jpg","亚洲有码SONE556セックスもオナニーも完全ガチ禁止！1か月間の我慢の後のムラムラ全開ヌレヌレ敏感の肉体で味わうと"
"SONE577「私のダダ漏れマ●コがいつも申し訳ありません…」校長室に連日呼び出され床一面に潮を撒き散らす即","https://v5.slv525627.com/20250811/MkSRnERg/index.m3u8","https://sl.lale25725.com/upload/vod/20250812-1/3b84f515b7a678fc3a2241c890aee9b9.jpg","亚洲有码SONE577「私のダダ漏れマ●コがいつも申し訳ありません…」校長室に連日呼び出され床一面に潮を撒き散らす即"
"SORA583じんかくそうさ洗脳催●人様に点数を付け優越感を保つ性格サイテー身体は極上の有閑マダムを洗脳し","https://v5.slv525627.com/20250811/E7N8Wzqb/index.m3u8","https://sl.lale25725.com/upload/vod/20250812-1/1207bcfd091f242dbb87d8a7ebfb110a.jpg","亚洲有码SORA583じんかくそうさ洗脳催●人様に点数を付け優越感を保つ性格サイテー身体は極上の有閑マダムを洗脳し"
"SONE602僕は生意気カワいい学生バイトに「ざぁこ」扱いされて悔しいのにチ●ポフル勃起させて痴女ってくれ","https://v5.slv525627.com/20250811/lNSEC8ZE/index.m3u8","https://sl.lale25725.com/upload/vod/20250812-1/776d0d861b404da8270fb98ce2986265.jpg","亚洲有码SONE602僕は生意気カワいい学生バイトに「ざぁこ」扱いされて悔しいのにチ●ポフル勃起させて痴女ってくれ"
"SLAP143KIGAE超ミニスカ制服に着替えるドスケベ女子校生を覗き見（SLAP143）","https://v5.slv525627.com/20250811/YsNSebfD/index.m3u8","https://sl.lale25725.com/upload/vod/20250812-1/82f98395c4446ac4da8d7b3b0e256277.jpg","亚洲有码SLAP143KIGAE超ミニスカ制服に着替えるドスケベ女子校生を覗き見（SLAP143）"
"SONE524失禁中毒お漏らしセックスの快感が忘れられなくて異常性欲オヤジの住むボロ屋敷に今日もまた通う…","https://v5.slv525627.com/20250811/q9Pai2e7/index.m3u8","https://sl.lale25725.com/upload/vod/20250812-1/54bd89744e12f14b2f2a936b5f0febf0.jpg","亚洲有码SONE524失禁中毒お漏らしセックスの快感が忘れられなくて異常性欲オヤジの住むボロ屋敷に今日もまた通う…"
"SORA587美少女ガチャ追いかけ回しレ〇プあどけない美少女を眠剤拉致抵抗したら首絞めビンタでわからせ気","https://v5.slv525627.com/20250811/YtyIl5PF/index.m3u8","https://sl.lale25725.com/upload/vod/20250812-1/d0fd61a4bfe1e487e0af43aaf0054d64.jpg","亚洲有码SORA587美少女ガチャ追いかけ回しレ〇プあどけない美少女を眠剤拉致抵抗したら首絞めビンタでわからせ気"
"SONE559出張先で大嫌いなセクハラ上司とまさかの相部屋に…絶倫性交を断れず3日間軟禁され感じ続けてしまっ","https://v5.slv525627.com/20250811/xVR9wWbo/index.m3u8","https://sl.lale25725.com/upload/vod/20250812-1/88a63038e2fee04cea09703416d4a526.jpg","亚洲有码SONE559出張先で大嫌いなセクハラ上司とまさかの相部屋に…絶倫性交を断れず3日間軟禁され感じ続けてしまっ"
"SONE490年下のくせに生意気な幼なじみが彼氏に振られて寂しくなってあざとくチンチンおねだり","https://v5.slv525627.com/20250811/98UrdRhU/index.m3u8","https://sl.lale25725.com/upload/vod/20250812-1/bfc6a4c27e8e21b6b790219e2f1ba618.jpg","亚洲有码SONE490年下のくせに生意気な幼なじみが彼氏に振られて寂しくなってあざとくチンチンおねだり"
"SONE553ありえないほど白いスタイル少女の一泊二日ヤリまくり温泉デートで生々しい素丸出し性交","https://v5.slv525627.com/20250811/GQF1nMIo/index.m3u8","https://sl.lale25725.com/upload/vod/20250812-1/d55216af0c98345cc6856cdb509403e8.jpg","亚洲有码SONE553ありえないほど白いスタイル少女の一泊二日ヤリまくり温泉デートで生々しい素丸出し性交"
"SORA590NTR結婚記念日に訪れた地元の温泉宿で妻が元ヤリサー仲間のチャラ男たちに見つかり夜通し絶倫3","https://v5.slv525627.com/20250811/ZG6kEflK/index.m3u8","https://sl.lale25725.com/upload/vod/20250812-1/d556c8d68976a6bfab0ca0dd6bc37c66.jpg","多人多PSORA590NTR結婚記念日に訪れた地元の温泉宿で妻が元ヤリサー仲間のチャラ男たちに見つかり夜通し絶倫3"
"SONE616食べごろ姉妹のからだ。親戚の娘2人を預かることになった変態おじ","https://v5.slv525627.com/20250811/gPy1SORJ/index.m3u8","https://sl.lale25725.com/upload/vod/20250812-1/12d2cf7333a2de12ad45d93223283184.jpg","亚洲有码SONE616食べごろ姉妹のからだ。親戚の娘2人を預かることになった変態おじ"
"SONE548俺の言うことは何でも聞くKcupネキ（セフレ）今日も揉んで挟んでブッ掛けて！","https://v5.slv525627.com/20250811/BCM80jP3/index.m3u8","https://sl.lale25725.com/upload/vod/20250812-1/5094086f6174f0c6c06f0fd49abac366.jpg","亚洲有码SONE548俺の言うことは何でも聞くKcupネキ（セフレ）今日も揉んで挟んでブッ掛けて！"
"SONE554皆が羨む僕のキレカワ彼女が他人棒に堕ちていた…ヘアサロンNTR","https://v5.slv525627.com/20250811/CqOQugkm/index.m3u8","https://sl.lale25725.com/upload/vod/20250812-1/a4c8b832dcea2e2d6667a741d8004178.jpg","亚洲有码SONE554皆が羨む僕のキレカワ彼女が他人棒に堕ちていた…ヘアサロンNTR"
"SONE610新米キレカワ女優をぶっイカせ！！！【禁欲×拘束×媚薬×デカチン×乱交】4P→6P→7P計17","https://v5.slv525627.com/20250811/8mAKEscV/index.m3u8","https://sl.lale25725.com/upload/vod/20250812-1/e200d688d0637f369248265ad5a6e245.jpg","亚洲有码SONE610新米キレカワ女優をぶっイカせ！！！【禁欲×拘束×媚薬×デカチン×乱交】4P→6P→7P計17"
"SONE558激イキ218回！痙攣4400回！イキ潮2850cc！清純で性欲強くてドスケベ…セックス超新星","https://v5.slv525627.com/20250811/ayXszFQe/index.m3u8","https://sl.lale25725.com/upload/vod/20250812-1/f0ad6561d5a1b832ce42be6839600bb8.jpg","亚洲有码SONE558激イキ218回！痙攣4400回！イキ潮2850cc！清純で性欲強くてドスケベ…セックス超新星"
"SORA584見られたくないけど見られたい性癖の先生が校内露出で潮吹き発情放尿羞恥","https://v5.slv525627.com/20250811/UP2WnBJx/index.m3u8","https://sl.lale25725.com/upload/vod/20250812-1/db30dc396998180f9e9eb36953276ff8.jpg","亚洲有码SORA584見られたくないけど見られたい性癖の先生が校内露出で潮吹き発情放尿羞恥"
"SORA591就活格付けリモバイモデル体型の学生がマジイキ連発都内で就活に悩む静河さんを郊外でベロチュー","https://v5.slv525627.com/20250811/1JVbrsX0/index.m3u8","https://sl.lale25725.com/upload/vod/20250812-1/b59e4ea931c82dd5aa4590258f19dc8a.jpg","亚洲有码SORA591就活格付けリモバイモデル体型の学生がマジイキ連発都内で就活に悩む静河さんを郊外でベロチュー"
"SORA588見られたくないけど見られたい性癖の先生が校内露出で羞恥発情放尿快感","https://v5.slv525627.com/20250811/lp0dS5M0/index.m3u8","https://sl.lale25725.com/upload/vod/20250812-1/8918298c9212037942b8c55277777bee.jpg","亚洲有码SORA588見られたくないけど見られたい性癖の先生が校内露出で羞恥発情放尿快感"
"SONE591「ま●こ貸すから後は適当で～…よろ。」反応悪い無気力ダウナー系J○を円光オジサンは発情させたい","https://v5.slv525627.com/20250811/Ncd69o1e/index.m3u8","https://sl.lale25725.com/upload/vod/20250812-1/9fe4486f5826af98d07df8e7746bd0d0.jpg","亚洲有码SONE591「ま●こ貸すから後は適当で～…よろ。」反応悪い無気力ダウナー系J○を円光オジサンは発情させたい"
"SONE619勉強も部活もパーフェクトでモテモテ最強だった私がたった一度のお漏らしでクラスの肉便器に堕ち","https://v5.slv525627.com/20250811/i2k9Yts3/index.m3u8","https://sl.lale25725.com/upload/vod/20250812-1/85d87d7d01b125bd08fffe9e9d1fb7ad.jpg","亚洲有码SONE619勉強も部活もパーフェクトでモテモテ最強だった私がたった一度のお漏らしでクラスの肉便器に堕ち"
"SOAN112糞穴100m千本ダッシュ陸上女子肛門狩り3穴猛特訓ガバガバイギまぐり堕ち合宿出席番号21番十川","https://v5.slv525627.com/20250811/RT7azTp0/index.m3u8","https://sl.lale25725.com/upload/vod/20250812-1/8bdb162984749aca48ad1df80e052e6c.jpg","亚洲有码SOAN112糞穴100m千本ダッシュ陸上女子肛門狩り3穴猛特訓ガバガバイギまぐり堕ち合宿出席番号21番十川"
"SORA589飲酒飼育アヘ顔イキ潰し鬼畜チ〇ポ依存隠れマゾ見つけた。美木ひなの","https://v5.slv525627.com/20250811/BbdJnQLD/index.m3u8","https://sl.lale25725.com/upload/vod/20250812-1/49d502ed2a35bb5c625f780c0f0757ef.jpg","亚洲有码SORA589飲酒飼育アヘ顔イキ潰し鬼畜チ〇ポ依存隠れマゾ見つけた。美木ひなの"
"SONE661何度掃除してもイキ潮漏らして汚しちゃう敏感ドM全裸メイドを潮が出なくなるまでお仕置きしてやった。","https://v5.slv525627.com/20250811/IdUyOPWN/index.m3u8","https://sl.lale25725.com/upload/vod/20250812-1/7333f0ca38e3274685e43de82cd2c415.jpg","亚洲有码SONE661何度掃除してもイキ潮漏らして汚しちゃう敏感ドM全裸メイドを潮が出なくなるまでお仕置きしてやった。"
"SONE550新人のくせにツンツンした後輩女子社員と出張先でまさかの相部屋に泊まり…す·る·と！翌朝にはデレ","https://v5.slv525627.com/20250811/VnrvxVoJ/index.m3u8","https://sl.lale25725.com/upload/vod/20250812-1/11dadc9ec8921cd70a8cbab3cecc5384.jpg","制服丝袜SONE550新人のくせにツンツンした後輩女子社員と出張先でまさかの相部屋に泊まり…す·る·と！翌朝にはデレ"
"SONE541夢乃あいかの本物キメセク870日ぶりの媚薬漬けで敏感·性欲増強ボディは宙に浮くほどエビ反り絶","https://v5.slv525627.com/20250811/ReU3ISKR/index.m3u8","https://sl.lale25725.com/upload/vod/20250812-1/1d7a89964bd6454c42469b24bf4a11f2.jpg","亚洲有码SONE541夢乃あいかの本物キメセク870日ぶりの媚薬漬けで敏感·性欲増強ボディは宙に浮くほどエビ反り絶"
"SONE583おにいちゃん（45）の苦いくて甘い精子の味は、わたし（23）だけが知っていますご飯を食べさせ","https://v5.slv525627.com/20250811/lV388rgg/index.m3u8","https://sl.lale25725.com/upload/vod/20250812-1/42af4664619340a408ebb9b314ee63b5.jpg","亚洲有码SONE583おにいちゃん（45）の苦いくて甘い精子の味は、わたし（23）だけが知っていますご飯を食べさせ"
"SONE581媚薬でアヘってポルチオ玩具責めで死ぬほどイッた後にデカ乳もげる程の肉弾ピストン！AV史上一番ヤ","https://v5.slv525627.com/20250811/KqeVQZjm/index.m3u8","https://sl.lale25725.com/upload/vod/20250812-1/4186861434733b6fd4a2c13da9eac031.jpg","巨乳美乳SONE581媚薬でアヘってポルチオ玩具責めで死ぬほどイッた後にデカ乳もげる程の肉弾ピストン！AV史上一番ヤ"
"SONE575小日向みゆうの完全プライベートエロ動画！呑んで笑ってイチャついて流れでハメ撮りまでしちゃう！朝","https://v5.slv525627.com/20250811/bssiNelr/index.m3u8","https://sl.lale25725.com/upload/vod/20250812-1/d8b7f695db57ddd18f51d1ca08c82909.jpg","亚洲有码SONE575小日向みゆうの完全プライベートエロ動画！呑んで笑ってイチャついて流れでハメ撮りまでしちゃう！朝"
"SONE574あなたのパートナーが目の前にいる時を狙うささやき淫語·パイズリ·背徳感で絶対NTR（寝取る）誘惑美女","https://v5.slv525627.com/20250811/tukNnegN/index.m3u8","https://sl.lale25725.com/upload/vod/20250812-1/0afc0e933bb2c573dbafae432b52c6cb.jpg","制服丝袜SONE574あなたのパートナーが目の前にいる時を狙うささやき淫語·パイズリ·背徳感で絶対NTR（寝取る）誘惑美女"
"SONE582自分が可愛いのを知ってる生徒の激あざとッ！上目遣い誘惑に負けて何度も不貞セックスをした担任の僕。","https://v5.slv525627.com/20250811/ki9kqvtK/index.m3u8","https://sl.lale25725.com/upload/vod/20250812-1/c2c57b383eb0bae92d609f86b53b99b2.jpg","风情旗袍SONE582自分が可愛いのを知ってる生徒の激あざとッ！上目遣い誘惑に負けて何度も不貞セックスをした担任の僕。"
"SMOK010【黒パンストセクハラ】残業中のムレムレ足ストッキングを嗅ぎ舐め尽くされ何度もサービス美脚抜き射","https://v5.slv525627.com/20250811/HGLtRiKi/index.m3u8","https://sl.lale25725.com/upload/vod/20250812-1/c4825f004c2173b3a1392b2a01fb0b48.jpg","欺辱凌辱SMOK010【黒パンストセクハラ】残業中のムレムレ足ストッキングを嗅ぎ舐め尽くされ何度もサービス美脚抜き射"
"SONE579新しい母さんは元人気AV女優！ということで父さんに内緒にする代わりに何度も射精を手伝ってもらった。","https://v5.slv525627.com/20250811/HWsl0nB7/index.m3u8","https://sl.lale25725.com/upload/vod/20250812-1/a5526d9f4cc9fbd2aee12a7c80b3ab9b.jpg","强奸乱伦SONE579新しい母さんは元人気AV女優！ということで父さんに内緒にする代わりに何度も射精を手伝ってもらった。"
"SMOK011【肛門舐めセクハラ】ケツ穴を拡げさせられ何度もアナルクンニで舐められイキするデカ尻部下OL妻","https://v5.slv525627.com/20250811/rkhicLLS/index.m3u8","https://sl.lale25725.com/upload/vod/20250812-1/179c6c4a4ad1db5d2cd625ef19dcfc3e.jpg","人妻熟女SMOK011【肛門舐めセクハラ】ケツ穴を拡げさせられ何度もアナルクンニで舐められイキするデカ尻部下OL妻"
"SONE585このおっぱいで挟まれたいの？日本一柔らかい爆乳をチ●ポに絡ませトロットロにするパイズリビッチ。","https://v5.slv525627.com/20250811/sUsKDMKG/index.m3u8","https://sl.lale25725.com/upload/vod/20250812-1/11f050f907a43d43c6e0d39c4d10f95d.jpg","巨乳美乳SONE585このおっぱいで挟まれたいの？日本一柔らかい爆乳をチ●ポに絡ませトロットロにするパイズリビッチ。"
"SKMJ601「えっまだするの？何回、私の中に出すつもり？もう無理！イキ過ぎて頭おかしくなっちゃう！！」素人","https://v5.slv525627.com/20250811/fOeDQVap/index.m3u8","https://sl.lale25725.com/upload/vod/20250812-1/42b736c36695aa5ceabb0780b2b43884.jpg","风情旗袍SKMJ601「えっまだするの？何回、私の中に出すつもり？もう無理！イキ過ぎて頭おかしくなっちゃう！！」素人"
"SKMJ599ブライダル生中出し結婚式帰りのパーティードレス姿が可愛いホロ○い美女をお持ち帰りウエディン","https://v5.slv525627.com/20250811/I78xmZyb/index.m3u8","https://sl.lale25725.com/upload/vod/20250812-1/89649a525df939c38de1d7332f7bda13.jpg","制服丝袜SKMJ599ブライダル生中出し結婚式帰りのパーティードレス姿が可愛いホロ○い美女をお持ち帰りウエディン"
"SONE551アイドル並み顔面偏差値の女子校生を我慢できずにメチャクチャ痴漢してやったら…彼氏よりも俺のテクの虜に。","https://v5.slv525627.com/20250811/G76auHpl/index.m3u8","https://sl.lale25725.com/upload/vod/20250812-1/72ac5e9a02bca6ccab0b359e763e03dd.jpg","制服丝袜SONE551アイドル並み顔面偏差値の女子校生を我慢できずにメチャクチャ痴漢してやったら…彼氏よりも俺のテクの虜に。"
"SMOK012【パイズリセクハラ】パッツン熟ぱい挑発で若手ち○ぽをビンビン勃起させ乳圧挟射で何度も抜いてくる","https://v5.slv525627.com/20250811/kpRdjxd3/index.m3u8","https://sl.lale25725.com/upload/vod/20250812-1/62200f504f1243a35d56f69883a01547.jpg","巨乳美乳SMOK012【パイズリセクハラ】パッツン熟ぱい挑発で若手ち○ぽをビンビン勃起させ乳圧挟射で何度も抜いてくる"
"SONE542世話焼きのお姉ちゃんにボッキ見せながら本気でお願いしたらヤラせてくれた。","https://v5.slv525627.com/20250811/73llpZV9/index.m3u8","https://sl.lale25725.com/upload/vod/20250812-1/39839e675a61b619d6538d266180a17b.jpg","亚洲有码SONE542世話焼きのお姉ちゃんにボッキ見せながら本気でお願いしたらヤラせてくれた。"
"SODS056暗闇マジックミラー号歓楽街でネオンよりも煌びやかな素人娘ナンパ昼間には出会うことのできない","https://v5.slv525627.com/20250811/mJspWbP0/index.m3u8","https://sl.lale25725.com/upload/vod/20250812-1/35b49182c1257cd2ce75a42f07f277d6.jpg","欺辱凌辱SODS056暗闇マジックミラー号歓楽街でネオンよりも煌びやかな素人娘ナンパ昼間には出会うことのできない"
"SONE588濡れツヤ最細クビレJcupを好き放題2泊3日しっぽり絡み合う温泉不倫旅行","https://v5.slv525627.com/20250811/8GAooXwd/index.m3u8","https://sl.lale25725.com/upload/vod/20250812-1/cf02b9e182d5a35212037d05b5c08f92.jpg","风情旗袍SONE588濡れツヤ最細クビレJcupを好き放題2泊3日しっぽり絡み合う温泉不倫旅行"
"SONE598本郷愛たるゆえんエロいんです。25人と乱交パーティーしたらすっごくエロいんです。","https://v5.slv525627.com/20250811/Jnc2yQHx/index.m3u8","https://sl.lale25725.com/upload/vod/20250812-1/d09ef325cbc88f8539443cde06629f50.jpg","亚洲有码SONE598本郷愛たるゆえんエロいんです。25人と乱交パーティーしたらすっごくエロいんです。"
"SONE647公然わいせつ級Kカップ秘書を我慢できずにメチャクチャ痴漢してやったら…彼氏よりも俺のテクの虜に。","https://v5.slv525627.com/20250811/PTby7nlY/index.m3u8","https://sl.lale25725.com/upload/vod/20250812-1/25a7ab5d49ea3be8f510de0ae03811ba.jpg","日本精品SONE647公然わいせつ級Kカップ秘書を我慢できずにメチャクチャ痴漢してやったら…彼氏よりも俺のテクの虜に。"
"SONE614新人NO.1STYLE最強ヒロイン瀬戸環奈AVデビュー","https://v5.slv525627.com/20250811/wkTf7m2W/index.m3u8","https://sl.lale25725.com/upload/vod/20250812-1/28065e9db3b4757c4af56939e499bdf2.jpg","日本精品SONE614新人NO.1STYLE最強ヒロイン瀬戸環奈AVデビュー"
"SONE639ボケたお義父さんは性欲旺盛でお母さんと間違えたふりして立派なデカチンを見せつけてきて…","https://v5.slv525627.com/20250811/eYj1etrP/index.m3u8","https://sl.lale25725.com/upload/vod/20250812-1/67bf5627f8fff20d41ce11b364dffd95.jpg","强奸乱伦SONE639ボケたお義父さんは性欲旺盛でお母さんと間違えたふりして立派なデカチンを見せつけてきて…"
"SONE587こんな美少女のエッロいフェラチオと嬉しそうな大量顔射","https://v5.slv525627.com/20250811/ZfFWzn8D/index.m3u8","https://sl.lale25725.com/upload/vod/20250812-1/a0a4f37e9e6661e3dd4ea02fff2ed268.jpg","萝莉少女SONE587こんな美少女のエッロいフェラチオと嬉しそうな大量顔射"
"SONE565エスワン20周年記念AV業界史に残る最強タッグ作品世界に誇る一流女優たちが極上ご奉仕してく","https://v5.slv525627.com/20250811/u7ZVDlax/index.m3u8","https://sl.lale25725.com/upload/vod/20250812-1/6f50f2c1830672ae1ae9189c3e27ccd5.jpg","萝莉少女SONE565エスワン20周年記念AV業界史に残る最強タッグ作品世界に誇る一流女優たちが極上ご奉仕してく"
"SONE576「また飛べるならどんな事でもヤリます…」翼の折れた客室乗務員は金持ち親父のヤミツキ肉便器","https://v5.slv525627.com/20250811/WVp7C9ZY/index.m3u8","https://sl.lale25725.com/upload/vod/20250812-1/f970248e555953d02622be04955b98e6.jpg","强奸乱伦SONE576「また飛べるならどんな事でもヤリます…」翼の折れた客室乗務員は金持ち親父のヤミツキ肉便器"
"SONE570ボーイッシュ女子大生、人生初のメスイキ体験！ほぼ男性経験がないことが発覚した瑠花ちゃんの妄想を","https://v5.slv525627.com/20250812/3RLSlnB7/index.m3u8","https://sl.lale25725.com/upload/vod/20250812-1/2a8095221908ebd8675d7f50f98dc0cd.jpg","萝莉少女SONE570ボーイッシュ女子大生、人生初のメスイキ体験！ほぼ男性経験がないことが発覚した瑠花ちゃんの妄想を"
"精品泄密反差婊良家出境36","https://v5.slv525627.com/20250812/H6WKgY0a/index.m3u8","https://sl.lale25725.com/upload/vod/20250812-1/48c5482c08ec8694f8be4974c0880ed5.jpg","主播直播精品泄密反差婊良家出境36"
"精品泄密反差婊良家出境25","https://v5.slv525627.com/20250812/VeFdrGKn/index.m3u8","https://sl.lale25725.com/upload/vod/20250812-1/91c44f293d41819ba4bfae8877cd3449.jpg","素人自拍精品泄密反差婊良家出境25"
"精品泄密反差婊良家出境5","https://v5.slv525627.com/20250812/hUDEOx7T/index.m3u8","https://sl.lale25725.com/upload/vod/20250812-1/75d583881c4c167e02f2ff2d33da7b8f.jpg","网红流出精品泄密反差婊良家出境5"
"精品泄密反差婊良家出境35","https://v5.slv525627.com/20250812/s8QuF0fM/index.m3u8","https://sl.lale25725.com/upload/vod/20250812-1/e3078099279a6e9d9fe831e456b6eadf.jpg","主播直播精品泄密反差婊良家出境35"
"精品泄密华人精彩泄密","https://v5.slv525627.com/20250812/dk06EhUc/index.m3u8","https://sl.lale25725.com/upload/vod/20250812-1/0e11931ec35cdcc138b18d3e9ad3edf6.jpg","素人自拍精品泄密华人精彩泄密"
"精品泄密反差婊良家出境29","https://v5.slv525627.com/20250812/ZdMY5Kzh/index.m3u8","https://sl.lale25725.com/upload/vod/20250812-1/336af44a59853b76813b975a4828f3cf.jpg","台湾辣妹精品泄密反差婊良家出境29"
"精品泄密反差婊良家出境32","https://v5.slv525627.com/20250812/GwiWKloT/index.m3u8","https://sl.lale25725.com/upload/vod/20250812-1/0a538071c2fcde6312164f5b81f49b2a.jpg","素人自拍精品泄密反差婊良家出境32"
"精品泄密反差婊良家出境23","https://v5.slv525627.com/20250812/aIivqpcr/index.m3u8","https://sl.lale25725.com/upload/vod/20250812-1/b4b034521f1e6ac6ffeb5605e3a31da0.jpg","唯美港姐精品泄密反差婊良家出境23"
"精品泄密反差婊良家出境22","https://v5.slv525627.com/20250812/nT19p3WS/index.m3u8","https://sl.lale25725.com/upload/vod/20250812-1/e88ae31c955d581dfe2c023251d6bc54.jpg","台湾辣妹精品泄密反差婊良家出境22"
"精品泄密反差婊良家出境31","https://v5.slv525627.com/20250812/FJkoxcSt/index.m3u8","https://sl.lale25725.com/upload/vod/20250812-1/3b63f68c3467931ef2a39ea533472914.jpg","台湾辣妹精品泄密反差婊良家出境31"
"精品厕拍前后景","https://v5.slv525627.com/20250812/hx9bDWOQ/index.m3u8","https://sl.lale25725.com/upload/vod/20250812-1/3e5b1e957a34ede273d626ce7a2ba41a.jpg","91探花精品厕拍前后景"
"精品泄密反差婊良家出境6","https://v5.slv525627.com/20250812/fezbEyXJ/index.m3u8","https://sl.lale25725.com/upload/vod/20250812-1/9ef621cb659abfe72e951ce9c1c199e8.jpg","唯美港姐精品泄密反差婊良家出境6"
"精品泄密反差婊良家出境38","https://v5.slv525627.com/20250812/j1gN8n2J/index.m3u8","https://sl.lale25725.com/upload/vod/20250812-1/eedf63a3b9b46a124f4467d5aa6f17cb.jpg","主播直播精品泄密反差婊良家出境38"
"精品泄密反差婊良家出境11","https://v5.slv525627.com/20250812/GSI7teQ2/index.m3u8","https://sl.lale25725.com/upload/vod/20250812-1/7a7e9bd73570d91ac1c2dee41cb7244d.jpg","素人自拍精品泄密反差婊良家出境11"
